instance_name,api_name,coremark_score,compute_family,ffmpeg_fps,instance_memory,vcpus,instance_storage,network_performance,linux_on_demand,linux_reserved,linux_spot_min,windows_on_demand,windows_reserved,scraped_at_utc
A1 Double Extra Large,a1.2xlarge,"95,158.796",General purpose,22.0 fps,16 GiB,8 vCPUs,EBS only,Up to 10 Gigabit,$0.2040 hourly,$0.1285 hourly,$0.2040 hourly,-,-,2026-09-23 14:20
A1 Quadruple Extra Large,a1.4xlarge,"190,136.661",General purpose,42.0 fps,32 GiB,16 vCPUs,EBS only,Up to 10 Gigabit,$0.4080 hourly,$0.2570 hourly,$0.4080 hourly,-,-,2026-09-23 14:20
A1 Large,a1.large,"23,457.659",General purpose,-,4 GiB,2 vCPUs,EBS only,Up to 10 Gigabit,$0.0510 hourly,$0.0321 hourly,$0.0510 hourly,-,-,2026-09-23 14:20
A1 Medium,a1.medium,"11,877.895",General purpose,-,2 GiB,1 vCPUs,EBS only,Up to 10 Gigabit,$0.0255 hourly,$0.0161 hourly,$0.0255 hourly,-,-,2026-09-23 14:20
A1 Metal,a1.metal,"192,539.11",General purpose,44.0 fps,32 GiB,16 vCPUs,EBS only,Up to 10 Gigabit,$0.4080 hourly,$0.2570 hourly,$0.4080 hourly,-,-,2026-09-23 14:20
A1 Extra Large,a1.xlarge,"47,619.048",General purpose,12.0 fps,8 GiB,4 vCPUs,EBS only,Up to 10 Gigabit,$0.1020 hourly,$0.0643 hourly,$0.1020 hourly,-,-,2026-09-23 14:20
C1 High-CPU Medium,c1.medium,"19,882.512",Compute optimized,-,1.7 GiB,2 vCPUs,350 GB HDD,Moderate,$0.1300 hourly,$0.0910 hourly,$0.0299 hourly,$0.2100 hourly,$0.1790 hourly,2026-09-23 14:20
C1 High-CPU Extra Large,c1.xlarge,"96,298.525",Compute optimized,32.0 fps,7 GiB,8 vCPUs,1680 GB (4×420 GB HDD),High,$0.5200 hourly,$0.3640 hourly,$0.1509 hourly,$0.8400 hourly,$0.7190 hourly,2026-09-23 14:20
C3 High-CPU Double Extra Large,c3.2xlarge,"118,729.593",Compute optimized,42.0 fps,15 GiB,8 vCPUs,160 GB (2×80 GB SSD),High,$0.4200 hourly,$0.2920 hourly,$0.2042 hourly,$0.7520 hourly,$0.6570 hourly,2026-09-23 14:20
C3 High-CPU Quadruple Extra Large,c3.4xlarge,"237,988.993",Compute optimized,80.0 fps,30 GiB,16 vCPUs,320 GB (2×160 GB SSD),High,$0.8400 hourly,$0.5840 hourly,$0.3162 hourly,$1.5040 hourly,$1.3170 hourly,2026-09-23 14:20
C3 High-CPU Eight Extra Large,c3.8xlarge,"483,944.145",Compute optimized,140.0 fps,60 GiB,32 vCPUs,640 GB (2×320 GB SSD),10 Gigabit,$1.6800 hourly,$1.1680 hourly,$0.3753 hourly,$3.0080 hourly,$2.6310 hourly,2026-09-23 14:20
C3 High-CPU Large,c3.large,"29,520.295",Compute optimized,-,3.75 GiB,2 vCPUs,32 GB (2×16 GB SSD),Moderate,$0.1050 hourly,$0.0730 hourly,$0.0303 hourly,$0.1880 hourly,$0.1650 hourly,2026-09-23 14:20
C3 High-CPU Extra Large,c3.xlarge,"58,593.75",Compute optimized,21.0 fps,7.5 GiB,4 vCPUs,80 GB (2×40 GB SSD),Moderate,$0.2100 hourly,$0.1460 hourly,$0.0758 hourly,$0.3760 hourly,$0.3290 hourly,2026-09-23 14:20
C4 High-CPU Double Extra Large,c4.2xlarge,"137,824.102",Compute optimized,42.0 fps,15 GiB,8 vCPUs,EBS only,High,$0.3980 hourly,$0.2520 hourly,$0.1547 hourly,$0.7660 hourly,$0.6200 hourly,2026-09-23 14:20
C4 High-CPU Quadruple Extra Large,c4.4xlarge,"268,006.7",Compute optimized,85.0 fps,30 GiB,16 vCPUs,EBS only,High,$0.7960 hourly,$0.5040 hourly,$0.3131 hourly,$1.5320 hourly,$1.2400 hourly,2026-09-23 14:20
C4 High-CPU Eight Extra Large,c4.8xlarge,"597,510.373",Compute optimized,155.0 fps,60 GiB,36 vCPUs,EBS only,10 Gigabit,$1.5910 hourly,$1.0080 hourly,$0.4484 hourly,$3.0910 hourly,$2.6640 hourly,2026-09-23 14:20
C4 High-CPU Large,c4.large,"31,678.986",Compute optimized,-,3.75 GiB,2 vCPUs,EBS only,Moderate,$0.1000 hourly,$0.0630 hourly,$0.0263 hourly,$0.1920 hourly,$0.1550 hourly,2026-09-23 14:20
C4 High-CPU Extra Large,c4.xlarge,"67,358.967",Compute optimized,24.0 fps,7.5 GiB,4 vCPUs,EBS only,High,$0.1990 hourly,$0.1260 hourly,$0.0752 hourly,$0.3830 hourly,$0.3100 hourly,2026-09-23 14:20
C5 High-CPU 12xlarge Extra Large,c5.12xlarge,"789,311.408",Compute optimized,178.0 fps,96 GiB,48 vCPUs,EBS only,12 Gigabit,$2.0400 hourly,$1.2850 hourly,$0.6046 hourly,$4.2480 hourly,$3.4930 hourly,2026-09-23 14:20
C5 High-CPU 18xlarge,c5.18xlarge,"1,142,358.494",Compute optimized,183.0 fps,144 GiB,72 vCPUs,EBS only,25 Gigabit,$3.0600 hourly,$1.9280 hourly,$0.8892 hourly,$6.3720 hourly,$5.2400 hourly,2026-09-23 14:20
C5 High-CPU 24xlarge,c5.24xlarge,"1,626,773.989",Compute optimized,192.0 fps,192 GiB,96 vCPUs,EBS only,25 Gigabit,$4.0800 hourly,$2.5700 hourly,$1.1468 hourly,$8.4960 hourly,$6.9860 hourly,2026-09-23 14:20
C5 High-CPU Double Extra Large,c5.2xlarge,"132,664.483",Compute optimized,45.0 fps,16 GiB,8 vCPUs,EBS only,Up to 10 Gigabit,$0.3400 hourly,$0.2140 hourly,$0.1426 hourly,$0.7080 hourly,$0.5820 hourly,2026-09-23 14:20
C5 High-CPU Quadruple Extra Large,c5.4xlarge,"262,069.53",Compute optimized,87.0 fps,32 GiB,16 vCPUs,EBS only,Up to 10 Gigabit,$0.6800 hourly,$0.4280 hourly,$0.1869 hourly,$1.4160 hourly,$1.1640 hourly,2026-09-23 14:20
C5 High-CPU 9xlarge,c5.9xlarge,"572,906.306",Compute optimized,165.0 fps,72 GiB,36 vCPUs,EBS only,12 Gigabit,$1.5300 hourly,$0.9640 hourly,$0.6020 hourly,$3.1860 hourly,$2.6200 hourly,2026-09-23 14:20
C5 High-CPU Large,c5.large,"33,103.448",Compute optimized,-,4 GiB,2 vCPUs,EBS only,Up to 10 Gigabit,$0.0850 hourly,$0.0540 hourly,$0.0273 hourly,$0.1770 hourly,$0.1460 hourly,2026-09-23 14:20
C5 High-CPU Metal,c5.metal,"1,609,657.948",Compute optimized,192.0 fps,192 GiB,96 vCPUs,EBS only,25 Gigabit,$4.0800 hourly,$2.5700 hourly,$0.8324 hourly,$8.4960 hourly,$6.9860 hourly,2026-09-23 14:20
C5 High-CPU Extra Large,c5.xlarge,"72,684.323",Compute optimized,27.0 fps,8 GiB,4 vCPUs,EBS only,Up to 10 Gigabit,$0.1700 hourly,$0.1070 hourly,$0.0610 hourly,$0.3540 hourly,$0.2910 hourly,2026-09-23 14:20
C5A 12xlarge Extra Large,c5a.12xlarge,"891,199.406",Compute optimized,176.0 fps,96 GiB,48 vCPUs,EBS only,12 Gigabit,$1.8480 hourly,$1.1640 hourly,$0.6506 hourly,$4.0560 hourly,$3.3720 hourly,2026-09-23 14:20
C5A 16xlarge Extra Large,c5a.16xlarge,"1,197,828.935",Compute optimized,184.0 fps,128 GiB,64 vCPUs,EBS only,20 Gigabit,$2.4640 hourly,$1.5520 hourly,$0.9745 hourly,$5.4080 hourly,$4.4960 hourly,2026-09-23 14:20
C5A 24xlarge,c5a.24xlarge,"1,782,067.941",Compute optimized,209.0 fps,192 GiB,96 vCPUs,EBS only,20 Gigabit,$3.6960 hourly,$2.3280 hourly,$1.0279 hourly,$8.1120 hourly,$6.7440 hourly,2026-09-23 14:20
C5A Double Extra Large,c5a.2xlarge,"145,348.837",Compute optimized,54.0 fps,16 GiB,8 vCPUs,EBS only,Up to 10 Gigabit,$0.3080 hourly,$0.1940 hourly,$0.1285 hourly,$0.6760 hourly,$0.5620 hourly,2026-09-23 14:20
C5A Quadruple Extra Large,c5a.4xlarge,"290,552.504",Compute optimized,101.0 fps,32 GiB,16 vCPUs,EBS only,Up to 10 Gigabit,$0.6160 hourly,$0.3880 hourly,$0.2801 hourly,$1.3520 hourly,$1.1240 hourly,2026-09-23 14:20
C5A Eight Extra Large,c5a.8xlarge,"587,155.963",Compute optimized,161.0 fps,64 GiB,32 vCPUs,EBS only,10 Gigabit,$1.2320 hourly,$0.7760 hourly,$0.4624 hourly,$2.7040 hourly,$2.2480 hourly,2026-09-23 14:20
C5A Large,c5a.large,"37,030.18",Compute optimized,-,4 GiB,2 vCPUs,EBS only,Up to 10 Gigabit,$0.0770 hourly,$0.0490 hourly,$0.0291 hourly,$0.1690 hourly,$0.1410 hourly,2026-09-23 14:20
C5A Extra Large,c5a.xlarge,"68,555.759",Compute optimized,28.0 fps,8 GiB,4 vCPUs,EBS only,Up to 10 Gigabit,$0.1540 hourly,$0.0970 hourly,$0.0644 hourly,$0.3380 hourly,$0.2810 hourly,2026-09-23 14:20
C5AD 12xlarge Extra Large,c5ad.12xlarge,-,Compute optimized,-,96 GiB,48 vCPUs,1800 GB (2×900 GB NVMe SSD),12 Gigabit,$2.0640 hourly,$1.3000 hourly,$0.7674 hourly,$4.2720 hourly,$3.5080 hourly,2026-09-23 14:20
C5AD 16xlarge Extra Large,c5ad.16xlarge,-,Compute optimized,-,128 GiB,64 vCPUs,2400 GB (2×1200 GB NVMe SSD),20 Gigabit,$2.7520 hourly,$1.7340 hourly,$0.8994 hourly,$5.6960 hourly,$4.6780 hourly,2026-09-23 14:20
C5AD 24xlarge,c5ad.24xlarge,-,Compute optimized,-,192 GiB,96 vCPUs,3800 GB (2×1900 GB NVMe SSD),20 Gigabit,$4.1280 hourly,$2.6010 hourly,$1.3751 hourly,$8.5440 hourly,$7.0170 hourly,2026-09-23 14:20
C5AD Double Extra Large,c5ad.2xlarge,-,Compute optimized,-,16 GiB,8 vCPUs,300 GB NVMe SSD,Up to 10 Gigabit,$0.3440 hourly,$0.2170 hourly,$0.1625 hourly,$0.7120 hourly,$0.5850 hourly,2026-09-23 14:20
C5AD Quadruple Extra Large,c5ad.4xlarge,-,Compute optimized,-,32 GiB,16 vCPUs,600 GB (2×300 GB NVMe SSD),Up to 10 Gigabit,$0.6880 hourly,$0.4330 hourly,$0.2917 hourly,$1.4240 hourly,$1.1690 hourly,2026-09-23 14:20
C5AD Eight Extra Large,c5ad.8xlarge,-,Compute optimized,-,64 GiB,32 vCPUs,1200 GB (2×600 GB NVMe SSD),10 Gigabit,$1.3760 hourly,$0.8670 hourly,$0.6332 hourly,$2.8480 hourly,$2.3390 hourly,2026-09-23 14:20
C5AD Large,c5ad.large,-,Compute optimized,-,4 GiB,2 vCPUs,75 GB NVMe SSD,Up to 10 Gigabit,$0.0860 hourly,$0.0540 hourly,$0.0322 hourly,$0.1780 hourly,$0.1460 hourly,2026-09-23 14:20
C5AD Extra Large,c5ad.xlarge,-,Compute optimized,-,8 GiB,4 vCPUs,150 GB NVMe SSD,Up to 10 Gigabit,$0.1720 hourly,$0.1080 hourly,$0.0724 hourly,$0.3560 hourly,$0.2920 hourly,2026-09-23 14:20
C5 High-CPU 12xlarge Extra Large,c5d.12xlarge,"786,691.797",Compute optimized,178.0 fps,96 GiB,48 vCPUs,1800 GB (2×900 GB NVMe SSD),12 Gigabit,$2.3040 hourly,$1.4520 hourly,$0.6726 hourly,$4.5120 hourly,$3.6600 hourly,2026-09-23 14:20
C5 High-CPU 18xlarge,c5d.18xlarge,"1,164,577.436",Compute optimized,188.0 fps,144 GiB,72 vCPUs,1800 GB (2×900 GB NVMe SSD),25 Gigabit,$3.4560 hourly,$2.1770 hourly,$0.8245 hourly,$6.7680 hourly,$5.4890 hourly,2026-09-23 14:20
C5 High-CPU 24xlarge,c5d.24xlarge,"1,546,080.444",Compute optimized,196.0 fps,192 GiB,96 vCPUs,3600 GB (4×900 GB NVMe SSD),25 Gigabit,$4.6080 hourly,$2.9030 hourly,$1.2816 hourly,$9.0240 hourly,$7.3190 hourly,2026-09-23 14:20
C5 High-CPU Double Extra Large,c5d.2xlarge,"134,986.923",Compute optimized,45.0 fps,16 GiB,8 vCPUs,200 GB NVMe SSD,Up to 10 Gigabit,$0.3840 hourly,$0.2420 hourly,$0.1675 hourly,$0.7520 hourly,$0.6100 hourly,2026-09-23 14:20
C5 High-CPU Quadruple Extra Large,c5d.4xlarge,"250,459.829",Compute optimized,88.0 fps,32 GiB,16 vCPUs,400 GB NVMe SSD,Up to 10 Gigabit,$0.7680 hourly,$0.4840 hourly,$0.3029 hourly,$1.5040 hourly,$1.2200 hourly,2026-09-23 14:20
C5 High-CPU 9xlarge,c5d.9xlarge,"554,464.595",Compute optimized,167.0 fps,72 GiB,36 vCPUs,900 GB NVMe SSD,12 Gigabit,$1.7280 hourly,$1.0890 hourly,$0.5840 hourly,$3.3840 hourly,$2.7450 hourly,2026-09-23 14:20
C5 High-CPU Large,c5d.large,"33,285.255",Compute optimized,-,4 GiB,2 vCPUs,50 GB NVMe SSD,Up to 10 Gigabit,$0.0960 hourly,$0.0600 hourly,$0.0312 hourly,$0.1880 hourly,$0.1520 hourly,2026-09-23 14:20
C5 High-CPU Metal,c5d.metal,"1,749,430.524",Compute optimized,198.0 fps,192 GiB,96 vCPUs,3600 GB (4×900 GB NVMe SSD),25 Gigabit,$4.6080 hourly,$2.9030 hourly,$1.2261 hourly,$9.0240 hourly,$7.3190 hourly,2026-09-23 14:20
C5 High-CPU Extra Large,c5d.xlarge,"63,798.397",Compute optimized,26.0 fps,8 GiB,4 vCPUs,100 GB NVMe SSD,Up to 10 Gigabit,$0.1920 hourly,$0.1210 hourly,$0.0676 hourly,$0.3760 hourly,$0.3050 hourly,2026-09-23 14:20
C5N 18xlarge,c5n.18xlarge,"1,160,775.462",Compute optimized,187.0 fps,192 GiB,72 vCPUs,EBS only,100 Gigabit,$3.8880 hourly,$2.4490 hourly,$1.2793 hourly,$7.2000 hourly,$5.7610 hourly,2026-09-23 14:20
C5N Double Extra Large,c5n.2xlarge,"122,680.57",Compute optimized,47.0 fps,21 GiB,8 vCPUs,EBS only,Up to 25 Gigabit,$0.4320 hourly,$0.2720 hourly,$0.1805 hourly,$0.8000 hourly,$0.6400 hourly,2026-09-23 14:20
C5N Quadruple Extra Large,c5n.4xlarge,"253,425.2",Compute optimized,92.0 fps,42 GiB,16 vCPUs,EBS only,Up to 25 Gigabit,$0.8640 hourly,$0.5440 hourly,$0.3384 hourly,$1.6000 hourly,$1.2800 hourly,2026-09-23 14:20
C5N 9xlarge,c5n.9xlarge,"587,395.472",Compute optimized,166.0 fps,96 GiB,36 vCPUs,EBS only,50 Gigabit,$1.9440 hourly,$1.2250 hourly,$0.8144 hourly,$3.6000 hourly,$2.8810 hourly,2026-09-23 14:20
C5N Large,c5n.large,"31,365.989",Compute optimized,12.0 fps,5.25 GiB,2 vCPUs,EBS only,Up to 25 Gigabit,$0.1080 hourly,$0.0680 hourly,$0.0370 hourly,$0.2000 hourly,$0.1600 hourly,2026-09-23 14:20
C5N Metal,c5n.metal,"1,201,201.201",Compute optimized,184.0 fps,192 GiB,72 vCPUs,EBS only,100 Gigabit,$3.8880 hourly,$2.4490 hourly,$0.9249 hourly,$7.2000 hourly,$5.7610 hourly,2026-09-23 14:20
C5N Extra Large,c5n.xlarge,"65,832.785",Compute optimized,24.0 fps,10.5 GiB,4 vCPUs,EBS only,Up to 25 Gigabit,$0.2160 hourly,$0.1360 hourly,$0.0841 hourly,$0.4000 hourly,$0.3200 hourly,2026-09-23 14:20
C6A 12xlarge Extra Large,c6a.12xlarge,"1,014,155.926",Compute optimized,218.0 fps,96 GiB,48 vCPUs,EBS only,18.75 Gigabit,$1.8360 hourly,$1.2145 hourly,$0.6807 hourly,$4.0440 hourly,$3.4225 hourly,2026-09-23 14:20
C6A 16xlarge Extra Large,c6a.16xlarge,"1,332,500.521",Compute optimized,226.0 fps,128 GiB,64 vCPUs,EBS only,25 Gigabit,$2.4480 hourly,$1.6194 hourly,$0.8274 hourly,$5.3920 hourly,$4.5634 hourly,2026-09-23 14:20
C6A 24xlarge,c6a.24xlarge,"1,843,494.959",Compute optimized,263.0 fps,192 GiB,96 vCPUs,EBS only,37.5 Gigabit,$3.6720 hourly,$2.4290 hourly,$1.1673 hourly,$8.0880 hourly,$6.8450 hourly,2026-09-23 14:20
C6A Double Extra Large,c6a.2xlarge,"181,776.869",Compute optimized,66.0 fps,16 GiB,8 vCPUs,EBS only,Up to 12.5 Gigabit,$0.3060 hourly,$0.2024 hourly,$0.1388 hourly,$0.6740 hourly,$0.5704 hourly,2026-09-23 14:20
C6A 32xlarge,c6a.32xlarge,"2,731,929.425",Compute optimized,229.0 fps,256 GiB,128 vCPUs,EBS only,50 Gigabit,$4.8960 hourly,$3.2387 hourly,$1.7594 hourly,$10.7840 hourly,$9.1267 hourly,2026-09-23 14:20
C6A 48xlarge,c6a.48xlarge,"3,584,764.75",Compute optimized,220.0 fps,384 GiB,192 vCPUs,EBS only,50 Gigabit,$7.3440 hourly,$4.8581 hourly,$2.1167 hourly,$16.1760 hourly,$13.6901 hourly,2026-09-23 14:20
C6A Quadruple Extra Large,c6a.4xlarge,"332,450.262",Compute optimized,120.0 fps,32 GiB,16 vCPUs,EBS only,Up to 12.5 Gigabit,$0.6120 hourly,$0.4048 hourly,$0.2538 hourly,$1.3480 hourly,$1.1408 hourly,2026-09-23 14:20
C6A Eight Extra Large,c6a.8xlarge,"624,969.484",Compute optimized,178.0 fps,64 GiB,32 vCPUs,EBS only,12.5 Gigabit,$1.2240 hourly,$0.8097 hourly,$0.4966 hourly,$2.6960 hourly,$2.2817 hourly,2026-09-23 14:20
C6A Large,c6a.large,"43,208.987",Compute optimized,-,4 GiB,2 vCPUs,EBS only,Up to 12.5 Gigabit,$0.0765 hourly,$0.0506 hourly,$0.0287 hourly,$0.1685 hourly,$0.1426 hourly,2026-09-23 14:20
C6A Metal,c6a.metal,"3,398,330.334",Compute optimized,257.0 fps,384 GiB,192 vCPUs,EBS only,50 Gigabit,$7.3440 hourly,$4.8581 hourly,$1.9223 hourly,$16.1760 hourly,$13.6901 hourly,2026-09-23 14:20
C6A Extra Large,c6a.xlarge,"86,157.381",Compute optimized,34.0 fps,8 GiB,4 vCPUs,EBS only,Up to 12.5 Gigabit,$0.1530 hourly,$0.1012 hourly,$0.0736 hourly,$0.3370 hourly,$0.2852 hourly,2026-09-23 14:20
C6G 12xlarge Extra Large,c6g.12xlarge,"920,774.986",Compute optimized,170.0 fps,96 GiB,48 vCPUs,EBS only,20 Gigabit,$1.6320 hourly,$1.0282 hourly,$0.4278 hourly,-,-,2026-09-23 14:20
C6G 16xlarge Extra Large,c6g.16xlarge,"1,271,018.138",Compute optimized,175.0 fps,128 GiB,64 vCPUs,EBS only,25 Gigabit,$2.1760 hourly,$1.3709 hourly,$0.6425 hourly,-,-,2026-09-23 14:20
C6G Double Extra Large,c6g.2xlarge,"152,497.141",Compute optimized,50.0 fps,16 GiB,8 vCPUs,EBS only,Up to 10 Gigabit,$0.2720 hourly,$0.1714 hourly,$0.1290 hourly,-,-,2026-09-23 14:20
C6G Quadruple Extra Large,c6g.4xlarge,"321,737.382",Compute optimized,92.0 fps,32 GiB,16 vCPUs,EBS only,Up to 10 Gigabit,$0.5440 hourly,$0.3427 hourly,$0.1780 hourly,-,-,2026-09-23 14:20
C6G Eight Extra Large,c6g.8xlarge,"647,161.925",Compute optimized,151.0 fps,64 GiB,32 vCPUs,EBS only,12 Gigabit,$1.0880 hourly,$0.6854 hourly,$0.3301 hourly,-,-,2026-09-23 14:20
C6G Large,c6g.large,"40,300.913",Compute optimized,-,4 GiB,2 vCPUs,EBS only,Up to 10 Gigabit,$0.0680 hourly,$0.0428 hourly,$0.0253 hourly,-,-,2026-09-23 14:20
C6G Medium,c6g.medium,"19,743.337",Compute optimized,-,2 GiB,1 vCPUs,EBS only,Up to 10 Gigabit,$0.0340 hourly,$0.0214 hourly,$0.0089 hourly,-,-,2026-09-23 14:20
C6G Metal,c6g.metal,"1,258,768.767",Compute optimized,177.0 fps,128 GiB,64 vCPUs,EBS only,25 Gigabit,$2.1760 hourly,$1.3709 hourly,$0.6690 hourly,-,-,2026-09-23 14:20
C6G Extra Large,c6g.xlarge,"79,512.324",Compute optimized,26.0 fps,8 GiB,4 vCPUs,EBS only,Up to 10 Gigabit,$0.1360 hourly,$0.0857 hourly,$0.0651 hourly,-,-,2026-09-23 14:20
C6GD 12xlarge Extra Large,c6gd.12xlarge,"928,373.412",Compute optimized,172.0 fps,96 GiB,48 vCPUs,2850 GB (2×1425 GB NVMe SSD),20 Gigabit,$1.8432 hourly,$1.1612 hourly,$0.4745 hourly,-,-,2026-09-23 14:20
C6GD 16xlarge Extra Large,c6gd.16xlarge,"1,243,764.98",Compute optimized,176.0 fps,128 GiB,64 vCPUs,3800 GB (2×1900 GB NVMe SSD),25 Gigabit,$2.4576 hourly,$1.5483 hourly,$0.4889 hourly,-,-,2026-09-23 14:20
C6GD Double Extra Large,c6gd.2xlarge,"158,029.894",Compute optimized,50.0 fps,16 GiB,8 vCPUs,474 GB NVMe SSD,Up to 10 Gigabit,$0.3072 hourly,$0.1935 hourly,$0.0372 hourly,-,-,2026-09-23 14:20
C6GD Quadruple Extra Large,c6gd.4xlarge,"311,425.42",Compute optimized,94.0 fps,32 GiB,16 vCPUs,950 GB NVMe SSD,Up to 10 Gigabit,$0.6144 hourly,$0.3871 hourly,$0.1757 hourly,-,-,2026-09-23 14:20
C6GD Eight Extra Large,c6gd.8xlarge,"625,814.863",Compute optimized,152.0 fps,64 GiB,32 vCPUs,1900 GB NVMe SSD,12 Gigabit,$1.2288 hourly,$0.7741 hourly,$0.3152 hourly,-,-,2026-09-23 14:20
C6GD Large,c6gd.large,"39,968.026",Compute optimized,-,4 GiB,2 vCPUs,118 GB NVMe SSD,Up to 10 Gigabit,$0.0768 hourly,$0.0484 hourly,$0.0255 hourly,-,-,2026-09-23 14:20
C6GD Medium,c6gd.medium,"19,098.549",Compute optimized,-,2 GiB,1 vCPUs,59 GB NVMe SSD,Up to 10 Gigabit,$0.0384 hourly,$0.0242 hourly,$0.0064 hourly,-,-,2026-09-23 14:20
C6GD Metal,c6gd.metal,"1,247,239.184",Compute optimized,178.0 fps,128 GiB,64 vCPUs,3800 GB (2×1900 GB NVMe SSD),25 Gigabit,$2.4576 hourly,$1.5483 hourly,$0.3590 hourly,-,-,2026-09-23 14:20
C6GD Extra Large,c6gd.xlarge,"78,426.247",Compute optimized,26.0 fps,8 GiB,4 vCPUs,237 GB NVMe SSD,Up to 10 Gigabit,$0.1536 hourly,$0.0968 hourly,$0.0548 hourly,-,-,2026-09-23 14:20
C6GN 12xlarge Extra Large,c6gn.12xlarge,"932,823.735",Compute optimized,172.0 fps,96 GiB,48 vCPUs,EBS only,75 Gigabit,$2.0736 hourly,$1.3088 hourly,$0.6769 hourly,-,-,2026-09-23 14:20
C6GN 16xlarge Extra Large,c6gn.16xlarge,"1,273,125.124",Compute optimized,175.0 fps,128 GiB,64 vCPUs,EBS only,100 Gigabit,$2.7648 hourly,$1.7450 hourly,$0.6861 hourly,-,-,2026-09-23 14:20
C6GN Double Extra Large,c6gn.2xlarge,"160,192.231",Compute optimized,50.0 fps,16 GiB,8 vCPUs,EBS only,Up to 25 Gigabit,$0.3456 hourly,$0.2181 hourly,$0.1390 hourly,-,-,2026-09-23 14:20
C6GN Quadruple Extra Large,c6gn.4xlarge,"306,435.138",Compute optimized,93.0 fps,32 GiB,16 vCPUs,EBS only,25 Gigabit,$0.6912 hourly,$0.4363 hourly,$0.2630 hourly,-,-,2026-09-23 14:20
C6GN Eight Extra Large,c6gn.8xlarge,"619,874.734",Compute optimized,151.0 fps,64 GiB,32 vCPUs,EBS only,50 Gigabit,$1.3824 hourly,$0.8725 hourly,$0.4924 hourly,-,-,2026-09-23 14:20
C6GN Large,c6gn.large,"40,238.75",Compute optimized,-,4 GiB,2 vCPUs,EBS only,Up to 25 Gigabit,$0.0864 hourly,$0.0545 hourly,$0.0296 hourly,-,-,2026-09-23 14:20
C6GN Medium,c6gn.medium,"19,136.314",Compute optimized,-,2 GiB,1 vCPUs,EBS only,Up to 16 Gigabit,$0.0432 hourly,$0.0273 hourly,$0.0077 hourly,-,-,2026-09-23 14:20
C6GN Metal,c6gn.metal,-,Compute optimized,-,128 GiB,64 vCPUs,EBS only,100 Gigabit,-,-,-,-,-,2026-09-23 14:20
C6GN Extra Large,c6gn.xlarge,"79,166.117",Compute optimized,26.0 fps,8 GiB,4 vCPUs,EBS only,Up to 25 Gigabit,$0.1728 hourly,$0.1091 hourly,$0.0729 hourly,-,-,2026-09-23 14:20
C6I 12xlarge Extra Large,c6i.12xlarge,"847,121.112",Compute optimized,218.0 fps,96 GiB,48 vCPUs,EBS only,18.75 Gigabit,$2.0400 hourly,$1.3495 hourly,$0.6448 hourly,$4.2480 hourly,$3.5575 hourly,2026-09-23 14:20
C6I 16xlarge Extra Large,c6i.16xlarge,"1,074,862.493",Compute optimized,185.0 fps,128 GiB,64 vCPUs,EBS only,25 Gigabit,$2.7200 hourly,$1.7993 hourly,$0.8791 hourly,$5.6640 hourly,$4.7433 hourly,2026-09-23 14:20
C6I 24xlarge,c6i.24xlarge,"1,618,545.838",Compute optimized,237.0 fps,192 GiB,96 vCPUs,EBS only,37.5 Gigabit,$4.0800 hourly,$2.6989 hourly,$1.3239 hourly,$8.4960 hourly,$7.1149 hourly,2026-09-23 14:20
C6I Double Extra Large,c6i.2xlarge,"136,839.855",Compute optimized,54.0 fps,16 GiB,8 vCPUs,EBS only,Up to 12.5 Gigabit,$0.3400 hourly,$0.2249 hourly,$0.1413 hourly,$0.7080 hourly,$0.5929 hourly,2026-09-23 14:20
C6I 32xlarge,c6i.32xlarge,"2,262,083.591",Compute optimized,219.0 fps,256 GiB,128 vCPUs,EBS only,50 Gigabit,$5.4400 hourly,$3.5986 hourly,$1.6142 hourly,$11.3280 hourly,$9.4866 hourly,2026-09-23 14:20
C6I Quadruple Extra Large,c6i.4xlarge,"276,864.509",Compute optimized,101.0 fps,32 GiB,16 vCPUs,EBS only,Up to 12.5 Gigabit,$0.6800 hourly,$0.4498 hourly,$0.4707 hourly,$1.4160 hourly,$1.1858 hourly,2026-09-23 14:20
C6I Eight Extra Large,c6i.8xlarge,"540,723.217",Compute optimized,185.0 fps,64 GiB,32 vCPUs,EBS only,12.5 Gigabit,$1.3600 hourly,$0.8996 hourly,$0.2120 hourly,$2.8320 hourly,$2.3716 hourly,2026-09-23 14:20
C6I Large,c6i.large,"35,321.128",Compute optimized,-,4 GiB,2 vCPUs,EBS only,Up to 12.5 Gigabit,$0.0850 hourly,$0.0562 hourly,$0.0339 hourly,$0.1770 hourly,$0.1482 hourly,2026-09-23 14:20
C6I Metal,c6i.metal,"2,266,589.933",Compute optimized,255.0 fps,256 GiB,128 vCPUs,EBS only,50 Gigabit,$5.4400 hourly,$3.5986 hourly,$1.1058 hourly,$11.3280 hourly,$9.4866 hourly,2026-09-23 14:20
C6I Extra Large,c6i.xlarge,"70,311.127",Compute optimized,27.0 fps,8 GiB,4 vCPUs,EBS only,Up to 12.5 Gigabit,$0.1700 hourly,$0.1125 hourly,$0.0733 hourly,$0.3540 hourly,$0.2965 hourly,2026-09-23 14:20
C6ID 12xlarge Extra Large,c6id.12xlarge,-,Compute optimized,-,96 GiB,48 vCPUs,2850 GB (2×1425 GB NVMe SSD),18.75 Gigabit,$2.4192 hourly,$1.5246 hourly,$2.4192 hourly,$4.6272 hourly,$3.7326 hourly,2026-09-23 14:20
C6ID 16xlarge Extra Large,c6id.16xlarge,-,Compute optimized,-,128 GiB,64 vCPUs,3800 GB (2×1900 GB NVMe SSD),25 Gigabit,$3.2256 hourly,$2.0328 hourly,$3.2256 hourly,$6.1696 hourly,$4.9768 hourly,2026-09-23 14:20
C6ID 24xlarge,c6id.24xlarge,-,Compute optimized,-,192 GiB,96 vCPUs,5700 GB (4×1425 GB NVMe SSD),37.5 Gigabit,$4.8384 hourly,$3.0492 hourly,$0.9886 hourly,$9.2544 hourly,$7.4652 hourly,2026-09-23 14:20
C6ID Double Extra Large,c6id.2xlarge,-,Compute optimized,-,16 GiB,8 vCPUs,474 GB NVMe SSD,Up to 12.5 Gigabit,$0.4032 hourly,$0.2541 hourly,$0.4032 hourly,$0.7712 hourly,$0.6221 hourly,2026-09-23 14:20
C6ID 32xlarge,c6id.32xlarge,-,Compute optimized,-,256 GiB,128 vCPUs,7600 GB (4×1900 GB NVMe SSD),50 Gigabit,$6.4512 hourly,$4.0656 hourly,$4.5684 hourly,$12.3392 hourly,$9.9536 hourly,2026-09-23 14:20
C6ID Quadruple Extra Large,c6id.4xlarge,-,Compute optimized,-,32 GiB,16 vCPUs,950 GB NVMe SSD,Up to 12.5 Gigabit,$0.8064 hourly,$0.5082 hourly,$0.6017 hourly,$1.5424 hourly,$1.2442 hourly,2026-09-23 14:20
C6ID Eight Extra Large,c6id.8xlarge,-,Compute optimized,-,64 GiB,32 vCPUs,1900 GB NVMe SSD,12.5 Gigabit,$1.6128 hourly,$1.0164 hourly,$0.9966 hourly,$3.0848 hourly,$2.4884 hourly,2026-09-23 14:20
C6ID Large,c6id.large,-,Compute optimized,-,4 GiB,2 vCPUs,118 GB NVMe SSD,Up to 12.5 Gigabit,$0.1008 hourly,$0.0635 hourly,$0.0336 hourly,$0.1928 hourly,$0.1555 hourly,2026-09-23 14:20
C6ID Metal,c6id.metal,-,Compute optimized,-,256 GiB,128 vCPUs,7600 GB (4×1900 GB NVMe SSD),50 Gigabit,$6.4512 hourly,$4.0656 hourly,$6.4512 hourly,$12.3392 hourly,$9.9536 hourly,2026-09-23 14:20
C6ID Extra Large,c6id.xlarge,-,Compute optimized,-,8 GiB,4 vCPUs,237 GB NVMe SSD,Up to 12.5 Gigabit,$0.2016 hourly,$0.1271 hourly,$0.0663 hourly,$0.3856 hourly,$0.3111 hourly,2026-09-23 14:20
C6IN 12xlarge Extra Large,c6in.12xlarge,"795,228.628",Compute optimized,215.0 fps,96 GiB,48 vCPUs,EBS only,75 Gigabit,$2.7216 hourly,$1.7146 hourly,$0.7299 hourly,$4.9296 hourly,$3.9226 hourly,2026-09-23 14:20
C6IN 16xlarge Extra Large,c6in.16xlarge,"1,061,183.883",Compute optimized,187.0 fps,128 GiB,64 vCPUs,EBS only,100 Gigabit,$3.6288 hourly,$2.2861 hourly,$1.0092 hourly,$6.5728 hourly,$5.2301 hourly,2026-09-23 14:20
C6IN 24xlarge,c6in.24xlarge,"1,632,306.057",Compute optimized,238.0 fps,192 GiB,96 vCPUs,EBS only,150 Gigabit,$5.4432 hourly,$3.4292 hourly,$1.6734 hourly,$9.8592 hourly,$7.8452 hourly,2026-09-23 14:20
C6IN Double Extra Large,c6in.2xlarge,"136,025.505",Compute optimized,56.0 fps,16 GiB,8 vCPUs,EBS only,Up to 40 Gigabit,$0.4536 hourly,$0.2858 hourly,$0.1721 hourly,$0.8216 hourly,$0.6538 hourly,2026-09-23 14:20
C6IN 32xlarge,c6in.32xlarge,"2,142,887.038",Compute optimized,212.0 fps,256 GiB,128 vCPUs,EBS only,200 Gigabit,$7.2576 hourly,$4.5723 hourly,$1.8542 hourly,$13.1456 hourly,$10.4603 hourly,2026-09-23 14:20
C6IN Quadruple Extra Large,c6in.4xlarge,"269,837.254",Compute optimized,107.0 fps,32 GiB,16 vCPUs,EBS only,Up to 50 Gigabit,$0.9072 hourly,$0.5715 hourly,$0.2852 hourly,$1.6432 hourly,$1.3075 hourly,2026-09-23 14:20
C6IN Eight Extra Large,c6in.8xlarge,"544,588.155",Compute optimized,186.0 fps,64 GiB,32 vCPUs,EBS only,50 Gigabit,$1.8144 hourly,$1.1431 hourly,$0.5347 hourly,$3.2864 hourly,$2.6151 hourly,2026-09-23 14:20
C6IN Large,c6in.large,"33,765.247",Compute optimized,-,4 GiB,2 vCPUs,EBS only,Up to 25 Gigabit,$0.1134 hourly,$0.0714 hourly,$0.0412 hourly,$0.2054 hourly,$0.1634 hourly,2026-09-23 14:20
C6IN Metal,c6in.metal,"2,300,606.605",Compute optimized,258.0 fps,256 GiB,128 vCPUs,EBS only,200 Gigabit,$7.2576 hourly,$4.5723 hourly,$1.4712 hourly,$13.1456 hourly,$10.4603 hourly,2026-09-23 14:20
C6IN Extra Large,c6in.xlarge,"68,678.371",Compute optimized,28.0 fps,8 GiB,4 vCPUs,EBS only,Up to 30 Gigabit,$0.2268 hourly,$0.1429 hourly,$0.0739 hourly,$0.4108 hourly,$0.3269 hourly,2026-09-23 14:20
C7A 12xlarge Extra Large,c7a.12xlarge,"1,416,207.71",Compute optimized,298.0 fps,96 GiB,48 vCPUs,EBS only,18.75 Gigabit,$2.4634 hourly,$1.6295 hourly,$0.7625 hourly,$4.6714 hourly,$3.8375 hourly,2026-09-23 14:20
C7A 16xlarge Extra Large,c7a.16xlarge,"2,015,219.103",Compute optimized,322.0 fps,128 GiB,64 vCPUs,EBS only,25 Gigabit,$3.2845 hourly,$2.1727 hourly,$1.0575 hourly,$6.2285 hourly,$5.1167 hourly,2026-09-23 14:20
C7A 24xlarge,c7a.24xlarge,"2,865,386.529",Compute optimized,315.0 fps,192 GiB,96 vCPUs,EBS only,37.5 Gigabit,$4.9267 hourly,$3.2590 hourly,$1.4679 hourly,$9.3427 hourly,$7.6750 hourly,2026-09-23 14:20
C7A Double Extra Large,c7a.2xlarge,"257,510.73",Compute optimized,105.0 fps,16 GiB,8 vCPUs,EBS only,Up to 12.5 Gigabit,$0.4106 hourly,$0.2716 hourly,$0.1679 hourly,$0.7786 hourly,$0.6396 hourly,2026-09-23 14:20
C7A 32xlarge,c7a.32xlarge,"4,052,342.761",Compute optimized,294.0 fps,256 GiB,128 vCPUs,EBS only,50 Gigabit,$6.5690 hourly,$4.3454 hourly,$2.2776 hourly,$12.4570 hourly,$10.2334 hourly,2026-09-23 14:20
C7A 48xlarge,c7a.48xlarge,"5,863,490.609",Compute optimized,311.0 fps,384 GiB,192 vCPUs,EBS only,50 Gigabit,$9.8534 hourly,$6.5181 hourly,$3.2467 hourly,$18.6854 hourly,$15.3501 hourly,2026-09-23 14:20
C7A Quadruple Extra Large,c7a.4xlarge,"514,497.026",Compute optimized,189.0 fps,32 GiB,16 vCPUs,EBS only,Up to 12.5 Gigabit,$0.8211 hourly,$0.5432 hourly,$0.3138 hourly,$1.5571 hourly,$1.2792 hourly,2026-09-23 14:20
C7A Eight Extra Large,c7a.8xlarge,"1,061,007.958",Compute optimized,285.0 fps,64 GiB,32 vCPUs,EBS only,12.5 Gigabit,$1.6422 hourly,$1.0863 hourly,$0.5344 hourly,$3.1142 hourly,$2.5583 hourly,2026-09-23 14:20
C7A Large,c7a.large,"67,336.289",Compute optimized,-,4 GiB,2 vCPUs,EBS only,Up to 12.5 Gigabit,$0.1026 hourly,$0.0679 hourly,$0.0290 hourly,$0.1946 hourly,$0.1599 hourly,2026-09-23 14:20
C7A Medium,c7a.medium,"32,965.222",Compute optimized,-,2 GiB,1 vCPUs,EBS only,Up to 12.5 Gigabit,$0.0513 hourly,$0.0340 hourly,$0.0120 hourly,$0.0973 hourly,$0.0800 hourly,2026-09-23 14:20
C7A Metal-48xl,c7a.metal-48xl,"6,115,948.184",Compute optimized,329.0 fps,384 GiB,192 vCPUs,EBS only,50 Gigabit,$9.8534 hourly,$6.5181 hourly,$2.0895 hourly,$18.6854 hourly,$15.3501 hourly,2026-09-23 14:20
C7A Extra Large,c7a.xlarge,"133,081.956",Compute optimized,55.0 fps,8 GiB,4 vCPUs,EBS only,Up to 12.5 Gigabit,$0.2053 hourly,$0.1358 hourly,$0.0751 hourly,$0.3893 hourly,$0.3198 hourly,2026-09-23 14:20
C7G 12xlarge Extra Large,c7g.12xlarge,"1,252,037.822",Compute optimized,240.0 fps,96 GiB,48 vCPUs,EBS only,22.5 Gigabit,$1.7400 hourly,$1.1466 hourly,$0.4962 hourly,-,-,2026-09-23 14:20
C7G 16xlarge Extra Large,c7g.16xlarge,"1,611,786.186",Compute optimized,242.0 fps,128 GiB,64 vCPUs,EBS only,30 Gigabit,$2.3200 hourly,$1.5288 hourly,$0.6502 hourly,-,-,2026-09-23 14:20
C7G Double Extra Large,c7g.2xlarge,"199,104.032",Compute optimized,72.0 fps,16 GiB,8 vCPUs,EBS only,Up to 15 Gigabit,$0.2900 hourly,$0.1911 hourly,$0.1173 hourly,-,-,2026-09-23 14:20
C7G Quadruple Extra Large,c7g.4xlarge,"413,329.889",Compute optimized,133.0 fps,32 GiB,16 vCPUs,EBS only,Up to 15 Gigabit,$0.5800 hourly,$0.3822 hourly,$0.2027 hourly,-,-,2026-09-23 14:20
C7G Eight Extra Large,c7g.8xlarge,"807,876.799",Compute optimized,212.0 fps,64 GiB,32 vCPUs,EBS only,15 Gigabit,$1.1600 hourly,$0.7644 hourly,$0.3941 hourly,-,-,2026-09-23 14:20
C7G Large,c7g.large,"51,890.77",Compute optimized,-,4 GiB,2 vCPUs,EBS only,Up to 12.5 Gigabit,$0.0725 hourly,$0.0478 hourly,$0.0235 hourly,-,-,2026-09-23 14:20
C7G Medium,c7g.medium,"24,828.271",Compute optimized,-,2 GiB,1 vCPUs,EBS only,Up to 12.5 Gigabit,$0.0363 hourly,$0.0239 hourly,$0.0103 hourly,-,-,2026-09-23 14:20
C7G Metal,c7g.metal,"1,533,852.606",Compute optimized,245.0 fps,128 GiB,64 vCPUs,EBS only,30 Gigabit,$2.3200 hourly,$1.5288 hourly,$0.6867 hourly,-,-,2026-09-23 14:20
C7G Extra Large,c7g.xlarge,"99,781.727",Compute optimized,38.0 fps,8 GiB,4 vCPUs,EBS only,Up to 12.5 Gigabit,$0.1450 hourly,$0.0955 hourly,$0.0540 hourly,-,-,2026-09-23 14:20
C7GD 12xlarge Extra Large,c7gd.12xlarge,"1,211,280.045",Compute optimized,238.0 fps,96 GiB,48 vCPUs,2850 GB (2×1425 GB NVMe SSD),22.5 Gigabit,$2.1773 hourly,$1.3721 hourly,$2.1773 hourly,-,-,2026-09-23 14:20
C7GD 16xlarge Extra Large,c7gd.16xlarge,"1,579,466.93",Compute optimized,242.0 fps,128 GiB,64 vCPUs,3800 GB (2×1900 GB NVMe SSD),30 Gigabit,$2.9030 hourly,$1.8295 hourly,$2.9030 hourly,-,-,2026-09-23 14:20
C7GD Double Extra Large,c7gd.2xlarge,"206,718.346",Compute optimized,72.0 fps,16 GiB,8 vCPUs,474 GB NVMe SSD,Up to 15 Gigabit,$0.3629 hourly,$0.2287 hourly,$0.1464 hourly,-,-,2026-09-23 14:20
C7GD Quadruple Extra Large,c7gd.4xlarge,"402,161.619",Compute optimized,133.0 fps,32 GiB,16 vCPUs,950 GB NVMe SSD,Up to 15 Gigabit,$0.7258 hourly,$0.4574 hourly,$0.2219 hourly,-,-,2026-09-23 14:20
C7GD Eight Extra Large,c7gd.8xlarge,"819,882.142",Compute optimized,212.0 fps,64 GiB,32 vCPUs,1900 GB NVMe SSD,15 Gigabit,$1.4515 hourly,$0.9148 hourly,$0.5240 hourly,-,-,2026-09-23 14:20
C7GD Large,c7gd.large,"50,706.725",Compute optimized,-,4 GiB,2 vCPUs,118 GB NVMe SSD,Up to 12.5 Gigabit,$0.0907 hourly,$0.0572 hourly,$0.0349 hourly,-,-,2026-09-23 14:20
C7GD Medium,c7gd.medium,"24,917.461",Compute optimized,-,2 GiB,1 vCPUs,59 GB NVMe SSD,Up to 12.5 Gigabit,$0.0454 hourly,$0.0286 hourly,$0.0126 hourly,-,-,2026-09-23 14:20
C7GD Metal,c7gd.metal,"1,630,157.922",Compute optimized,245.0 fps,128 GiB,64 vCPUs,3800 GB (2×1900 GB NVMe SSD),30 Gigabit,$2.9030 hourly,$1.8295 hourly,$0.5472 hourly,-,-,2026-09-23 14:20
C7GD Extra Large,c7gd.xlarge,"100,483.577",Compute optimized,36.0 fps,8 GiB,4 vCPUs,237 GB NVMe SSD,Up to 12.5 Gigabit,$0.1814 hourly,$0.1143 hourly,$0.0786 hourly,-,-,2026-09-23 14:20
C7GN 12xlarge Extra Large,c7gn.12xlarge,-,Compute optimized,-,96 GiB,48 vCPUs,EBS only,150 Gigabit,$2.9952 hourly,$1.8870 hourly,$0.9096 hourly,-,-,2026-09-23 14:20
C7GN 16xlarge Extra Large,c7gn.16xlarge,-,Compute optimized,-,128 GiB,64 vCPUs,EBS only,200 Gigabit,$3.9936 hourly,$2.5160 hourly,$0.8529 hourly,-,-,2026-09-23 14:20
C7GN Double Extra Large,c7gn.2xlarge,-,Compute optimized,-,16 GiB,8 vCPUs,EBS only,Up to 50 Gigabit,$0.4992 hourly,$0.3145 hourly,$0.1388 hourly,-,-,2026-09-23 14:20
C7GN Quadruple Extra Large,c7gn.4xlarge,-,Compute optimized,-,32 GiB,16 vCPUs,EBS only,50 Gigabit,$0.9984 hourly,$0.6290 hourly,$0.2709 hourly,-,-,2026-09-23 14:20
C7GN Eight Extra Large,c7gn.8xlarge,-,Compute optimized,-,64 GiB,32 vCPUs,EBS only,100 Gigabit,$1.9968 hourly,$1.2580 hourly,$0.5192 hourly,-,-,2026-09-23 14:20
C7GN Large,c7gn.large,-,Compute optimized,-,4 GiB,2 vCPUs,EBS only,Up to 30 Gigabit,$0.1248 hourly,$0.0786 hourly,$0.0318 hourly,-,-,2026-09-23 14:20
C7GN Medium,c7gn.medium,-,Compute optimized,-,2 GiB,1 vCPUs,EBS only,Up to 25 Gigabit,$0.0624 hourly,$0.0393 hourly,$0.0188 hourly,-,-,2026-09-23 14:20
C7GN Metal,c7gn.metal,-,Compute optimized,-,128 GiB,64 vCPUs,EBS only,200 Gigabit,$3.9936 hourly,$2.5160 hourly,$0.7679 hourly,-,-,2026-09-23 14:20
C7GN Extra Large,c7gn.xlarge,-,Compute optimized,-,8 GiB,4 vCPUs,EBS only,Up to 40 Gigabit,$0.2496 hourly,$0.1572 hourly,$0.0687 hourly,-,-,2026-09-23 14:20
C7I-FLEX 12xlarge Extra Large,c7i-flex.12xlarge,"1,109,399.076",Compute optimized,245.0 fps,96 GiB,48 vCPUs,EBS only,Up to 18.75 Gigabit,$2.0349 hourly,$1.3461 hourly,$0.5629 hourly,$4.2429 hourly,$3.5541 hourly,2026-09-23 14:20
C7I-FLEX 16xlarge Extra Large,c7i-flex.16xlarge,"1,296,684.001",Compute optimized,228.0 fps,128 GiB,64 vCPUs,EBS only,Up to 25 Gigabit,$2.7132 hourly,$1.7948 hourly,$0.7025 hourly,$5.6572 hourly,$4.7388 hourly,2026-09-23 14:20
C7I-FLEX Double Extra Large,c7i-flex.2xlarge,"181,289.421",Compute optimized,73.0 fps,16 GiB,8 vCPUs,EBS only,Up to 12.5 Gigabit,$0.3392 hourly,$0.2244 hourly,$0.1482 hourly,$0.6888 hourly,$0.5740 hourly,2026-09-23 14:20
C7I-FLEX Quadruple Extra Large,c7i-flex.4xlarge,"374,590.292",Compute optimized,140.0 fps,32 GiB,16 vCPUs,EBS only,Up to 12.5 Gigabit,$0.6783 hourly,$0.4487 hourly,$0.2708 hourly,$1.3775 hourly,$1.1479 hourly,2026-09-23 14:20
C7I-FLEX Eight Extra Large,c7i-flex.8xlarge,"686,965.544",Compute optimized,210.0 fps,64 GiB,32 vCPUs,EBS only,Up to 12.5 Gigabit,$1.3566 hourly,$0.8974 hourly,$0.5106 hourly,$2.7550 hourly,$2.2958 hourly,2026-09-23 14:20
C7I-FLEX Large,c7i-flex.large,"40,363.269",Compute optimized,-,4 GiB,2 vCPUs,EBS only,Up to 12.5 Gigabit,$0.0848 hourly,$0.0561 hourly,$0.0280 hourly,$0.1722 hourly,$0.1435 hourly,2026-09-23 14:20
C7I-FLEX Extra Large,c7i-flex.xlarge,"81,045.487",Compute optimized,32.0 fps,8 GiB,4 vCPUs,EBS only,Up to 12.5 Gigabit,$0.1696 hourly,$0.1122 hourly,$0.0770 hourly,$0.3444 hourly,$0.2870 hourly,2026-09-23 14:20
C7I 12xlarge Extra Large,c7i.12xlarge,"1,114,637.356",Compute optimized,245.0 fps,96 GiB,48 vCPUs,EBS only,18.75 Gigabit,$2.1420 hourly,$1.4169 hourly,$0.7633 hourly,$4.3500 hourly,$3.6249 hourly,2026-09-23 14:20
C7I 16xlarge Extra Large,c7i.16xlarge,"1,461,076.022",Compute optimized,240.0 fps,128 GiB,64 vCPUs,EBS only,25 Gigabit,$2.8560 hourly,$1.8892 hourly,$0.9336 hourly,$5.8000 hourly,$4.8332 hourly,2026-09-23 14:20
C7I 24xlarge,c7i.24xlarge,"1,984,974.843",Compute optimized,251.0 fps,192 GiB,96 vCPUs,EBS only,37.5 Gigabit,$4.2840 hourly,$2.8339 hourly,$1.4679 hourly,$8.7000 hourly,$7.2499 hourly,2026-09-23 14:20
C7I Double Extra Large,c7i.2xlarge,"159,211.901",Compute optimized,58.0 fps,16 GiB,8 vCPUs,EBS only,Up to 12.5 Gigabit,$0.3570 hourly,$0.2362 hourly,$0.1735 hourly,$0.7250 hourly,$0.6042 hourly,2026-09-23 14:20
C7I 48xlarge,c7i.48xlarge,"3,925,310.072",Compute optimized,268.0 fps,384 GiB,192 vCPUs,EBS only,50 Gigabit,$8.5680 hourly,$5.6677 hourly,$3.2610 hourly,$17.4000 hourly,$14.4997 hourly,2026-09-23 14:20
C7I Quadruple Extra Large,c7i.4xlarge,"382,775.12",Compute optimized,131.0 fps,32 GiB,16 vCPUs,EBS only,Up to 12.5 Gigabit,$0.7140 hourly,$0.4723 hourly,$0.2486 hourly,$1.4500 hourly,$1.2083 hourly,2026-09-23 14:20
C7I Eight Extra Large,c7i.8xlarge,"766,834.412",Compute optimized,223.0 fps,64 GiB,32 vCPUs,EBS only,12.5 Gigabit,$1.4280 hourly,$0.9446 hourly,$0.5114 hourly,$2.9000 hourly,$2.4166 hourly,2026-09-23 14:20
C7I Large,c7i.large,"39,481.477",Compute optimized,-,4 GiB,2 vCPUs,EBS only,Up to 12.5 Gigabit,$0.0893 hourly,$0.0590 hourly,$0.0283 hourly,$0.1813 hourly,$0.1510 hourly,2026-09-23 14:20
C7I Metal-24xl,c7i.metal-24xl,"2,007,248.397",Compute optimized,278.0 fps,192 GiB,96 vCPUs,EBS only,37.5 Gigabit,$4.2840 hourly,$2.8339 hourly,$0.9605 hourly,$8.7000 hourly,$7.2499 hourly,2026-09-23 14:20
C7I Metal-48xl,c7i.metal-48xl,"4,179,667.658",Compute optimized,283.0 fps,384 GiB,192 vCPUs,EBS only,50 Gigabit,$8.5680 hourly,$5.6677 hourly,$1.9329 hourly,$17.4000 hourly,$14.4997 hourly,2026-09-23 14:20
C7I Extra Large,c7i.xlarge,"97,652.277",Compute optimized,33.0 fps,8 GiB,4 vCPUs,EBS only,Up to 12.5 Gigabit,$0.1785 hourly,$0.1181 hourly,$0.0535 hourly,$0.3625 hourly,$0.3021 hourly,2026-09-23 14:20
C8A 12xlarge Extra Large,c8a.12xlarge,"2,043,132.804",Compute optimized,388.0 fps,96 GiB,48 vCPUs,EBS only,22.5 Gigabit,$2.5865 hourly,-,$0.7993 hourly,$4.7945 hourly,-,2026-09-23 14:20
C8A 16xlarge Extra Large,c8a.16xlarge,"2,600,921.16",Compute optimized,400.0 fps,128 GiB,64 vCPUs,EBS only,30 Gigabit,$3.4486 hourly,-,$1.0149 hourly,$6.3926 hourly,-,2026-09-23 14:20
C8A 24xlarge,c8a.24xlarge,"3,994,099.626",Compute optimized,414.0 fps,192 GiB,96 vCPUs,EBS only,40 Gigabit,$5.1730 hourly,-,$1.3947 hourly,$9.5890 hourly,-,2026-09-23 14:20
C8A Double Extra Large,c8a.2xlarge,"354,872.098",Compute optimized,133.0 fps,16 GiB,8 vCPUs,EBS only,Up to 15 Gigabit,$0.4311 hourly,-,$0.1615 hourly,$0.7991 hourly,-,2026-09-23 14:20
C8A 48xlarge,c8a.48xlarge,"6,834,509.093",Compute optimized,410.0 fps,384 GiB,192 vCPUs,EBS only,75 Gigabit,$10.3459 hourly,-,$3.5193 hourly,$19.1779 hourly,-,2026-09-23 14:20
C8A Quadruple Extra Large,c8a.4xlarge,"731,565.384",Compute optimized,237.0 fps,32 GiB,16 vCPUs,EBS only,Up to 15 Gigabit,$0.8622 hourly,-,$0.3051 hourly,$1.5982 hourly,-,2026-09-23 14:20
C8A Eight Extra Large,c8a.8xlarge,"1,300,372.503",Compute optimized,349.0 fps,64 GiB,32 vCPUs,EBS only,15 Gigabit,$1.7243 hourly,-,$0.6373 hourly,$3.1963 hourly,-,2026-09-23 14:20
C8A Large,c8a.large,"94,265.515",Compute optimized,-,4 GiB,2 vCPUs,EBS only,Up to 12.5 Gigabit,$0.1078 hourly,-,$0.0391 hourly,$0.1998 hourly,-,2026-09-23 14:20
C8A Medium,c8a.medium,"42,137.791",Compute optimized,-,2 GiB,1 vCPUs,EBS only,Up to 12.5 Gigabit,$0.0539 hourly,-,$0.0117 hourly,$0.0999 hourly,-,2026-09-23 14:20
C8A Metal-24xl,c8a.metal-24xl,"3,948,696.855",Compute optimized,438.0 fps,192 GiB,96 vCPUs,EBS only,40 Gigabit,$5.1730 hourly,-,$1.3880 hourly,$9.5890 hourly,-,2026-09-23 14:20
C8A Metal-48xl,c8a.metal-48xl,"7,931,202.824",Compute optimized,412.0 fps,384 GiB,192 vCPUs,EBS only,75 Gigabit,$10.3459 hourly,-,$1.6408 hourly,$19.1779 hourly,-,2026-09-23 14:20
C8A Extra Large,c8a.xlarge,"188,146.754",Compute optimized,68.0 fps,8 GiB,4 vCPUs,EBS only,Up to 12.5 Gigabit,$0.2155 hourly,-,$0.0801 hourly,$0.3995 hourly,-,2026-09-23 14:20
C8G 12xlarge Extra Large,c8g.12xlarge,"1,371,722.512",Compute optimized,293.0 fps,96 GiB,48 vCPUs,EBS only,22.5 Gigabit,$1.9142 hourly,$1.2614 hourly,$0.6081 hourly,-,-,2026-09-23 14:20
C8G 16xlarge Extra Large,c8g.16xlarge,"1,995,323.461",Compute optimized,296.0 fps,128 GiB,64 vCPUs,EBS only,30 Gigabit,$2.5523 hourly,$1.6819 hourly,$0.7374 hourly,-,-,2026-09-23 14:20
C8G 24xlarge,c8g.24xlarge,"2,925,714.286",Compute optimized,298.0 fps,192 GiB,96 vCPUs,EBS only,40 Gigabit,$3.8285 hourly,$2.5228 hourly,$0.9618 hourly,-,-,2026-09-23 14:20
C8G Double Extra Large,c8g.2xlarge,"236,896.654",Compute optimized,88.0 fps,16 GiB,8 vCPUs,EBS only,Up to 15 Gigabit,$0.3190 hourly,$0.2102 hourly,$0.1431 hourly,-,-,2026-09-23 14:20
C8G 48xlarge,c8g.48xlarge,"5,350,424.969",Compute optimized,278.0 fps,384 GiB,192 vCPUs,EBS only,50 Gigabit,$7.6570 hourly,$5.0457 hourly,$2.3259 hourly,-,-,2026-09-23 14:20
C8G Quadruple Extra Large,c8g.4xlarge,"486,803.073",Compute optimized,159.0 fps,32 GiB,16 vCPUs,EBS only,Up to 15 Gigabit,$0.6381 hourly,$0.4205 hourly,$0.2620 hourly,-,-,2026-09-23 14:20
C8G Eight Extra Large,c8g.8xlarge,"1,024,081.927",Compute optimized,254.0 fps,64 GiB,32 vCPUs,EBS only,15 Gigabit,$1.2762 hourly,$0.8410 hourly,$0.3679 hourly,-,-,2026-09-23 14:20
C8G Large,c8g.large,"58,152.213",Compute optimized,-,4 GiB,2 vCPUs,EBS only,Up to 12.5 Gigabit,$0.0798 hourly,$0.0526 hourly,$0.0297 hourly,-,-,2026-09-23 14:20
C8G Medium,c8g.medium,"30,161.363",Compute optimized,-,2 GiB,1 vCPUs,EBS only,Up to 12.5 Gigabit,$0.0399 hourly,$0.0263 hourly,$0.0104 hourly,-,-,2026-09-23 14:20
C8G Metal-24xl,c8g.metal-24xl,"3,003,284.843",Compute optimized,300.0 fps,192 GiB,96 vCPUs,EBS only,40 Gigabit,$3.8285 hourly,$2.5228 hourly,$0.8078 hourly,-,-,2026-09-23 14:20
C8G Metal-48xl,c8g.metal-48xl,"5,484,930.724",Compute optimized,283.0 fps,384 GiB,192 vCPUs,EBS only,50 Gigabit,$7.6570 hourly,$5.0457 hourly,$0.7657 hourly,-,-,2026-09-23 14:20
C8G Extra Large,c8g.xlarge,"125,039.075",Compute optimized,44.0 fps,8 GiB,4 vCPUs,EBS only,Up to 12.5 Gigabit,$0.1595 hourly,$0.1051 hourly,$0.0611 hourly,-,-,2026-09-23 14:20
C8GB 12xlarge Extra Large,c8gb.12xlarge,"1,444,151.937",Compute optimized,291.0 fps,96 GiB,48 vCPUs,EBS only,100 Gigabit,$2.8440 hourly,-,$0.6897 hourly,-,-,2026-09-23 14:20
C8GB 16xlarge Extra Large,c8gb.16xlarge,"1,872,713.972",Compute optimized,297.0 fps,128 GiB,64 vCPUs,EBS only,133.33 Gigabit,$3.7920 hourly,-,$0.4704 hourly,-,-,2026-09-23 14:20
C8GB 24xlarge,c8gb.24xlarge,"2,751,701.899",Compute optimized,297.0 fps,192 GiB,96 vCPUs,EBS only,200 Gigabit,$5.6880 hourly,-,$1.3876 hourly,-,-,2026-09-23 14:20
C8GB Double Extra Large,c8gb.2xlarge,"255,244.476",Compute optimized,88.0 fps,16 GiB,8 vCPUs,EBS only,Up to 33.33 Gigabit,$0.4740 hourly,-,$0.1070 hourly,-,-,2026-09-23 14:20
C8GB 48xlarge,c8gb.48xlarge,"5,503,403.798",Compute optimized,117.0 fps,384 GiB,192 vCPUs,EBS only,400 Gigabit,$11.3760 hourly,-,$2.5477 hourly,-,-,2026-09-23 14:20
C8GB Quadruple Extra Large,c8gb.4xlarge,"477,255.779",Compute optimized,159.0 fps,32 GiB,16 vCPUs,EBS only,33.33 Gigabit,$0.9480 hourly,-,$0.2576 hourly,-,-,2026-09-23 14:20
C8GB Eight Extra Large,c8gb.8xlarge,"983,858.57",Compute optimized,257.0 fps,64 GiB,32 vCPUs,EBS only,66.66 Gigabit,$1.8960 hourly,-,$0.6206 hourly,-,-,2026-09-23 14:20
C8GB Large,c8gb.large,"60,163.947",Compute optimized,-,4 GiB,2 vCPUs,EBS only,Up to 20 Gigabit,$0.1185 hourly,-,$0.0333 hourly,-,-,2026-09-23 14:20
C8GB Medium,c8gb.medium,"29,620.853",Compute optimized,-,2 GiB,1 vCPUs,EBS only,Up to 16.66 Gigabit,$0.0593 hourly,-,$0.0150 hourly,-,-,2026-09-23 14:20
C8GB Metal-24xl,c8gb.metal-24xl,"2,861,827.396",Compute optimized,301.0 fps,192 GiB,96 vCPUs,EBS only,200 Gigabit,$5.6880 hourly,-,$1.7535 hourly,-,-,2026-09-23 14:20
C8GB Metal-48xl,c8gb.metal-48xl,"3,725,261.932",Compute optimized,254.0 fps,384 GiB,192 vCPUs,EBS only,400 Gigabit,$11.3760 hourly,-,$1.1376 hourly,-,-,2026-09-23 14:20
C8GB Extra Large,c8gb.xlarge,"120,681.852",Compute optimized,46.0 fps,8 GiB,4 vCPUs,EBS only,Up to 26.66 Gigabit,$0.2370 hourly,-,$0.0661 hourly,-,-,2026-09-23 14:20
C8GD 12xlarge Extra Large,c8gd.12xlarge,-,Compute optimized,-,96 GiB,48 vCPUs,2850 GB (3×950 GB NVMe SSD),22.5 Gigabit,$2.3515 hourly,-,$0.6023 hourly,-,-,2026-09-23 14:20
C8GD 16xlarge Extra Large,c8gd.16xlarge,-,Compute optimized,-,128 GiB,64 vCPUs,3800 GB (2×1900 GB NVMe SSD),30 Gigabit,$3.1354 hourly,-,$0.9031 hourly,-,-,2026-09-23 14:20
C8GD 24xlarge,c8gd.24xlarge,-,Compute optimized,-,192 GiB,96 vCPUs,5700 GB (3×1900 GB NVMe SSD),40 Gigabit,$4.7030 hourly,-,$1.0197 hourly,-,-,2026-09-23 14:20
C8GD Double Extra Large,c8gd.2xlarge,-,Compute optimized,-,16 GiB,8 vCPUs,474 GB NVMe SSD,Up to 15 Gigabit,$0.3919 hourly,-,$0.1404 hourly,-,-,2026-09-23 14:20
C8GD 48xlarge,c8gd.48xlarge,-,Compute optimized,-,384 GiB,192 vCPUs,11400 GB (6×1900 GB NVMe SSD),50 Gigabit,$9.4061 hourly,-,$3.1882 hourly,-,-,2026-09-23 14:20
C8GD Quadruple Extra Large,c8gd.4xlarge,-,Compute optimized,-,32 GiB,16 vCPUs,950 GB NVMe SSD,Up to 15 Gigabit,$0.7838 hourly,-,$0.2927 hourly,-,-,2026-09-23 14:20
C8GD Eight Extra Large,c8gd.8xlarge,-,Compute optimized,-,64 GiB,32 vCPUs,1900 GB NVMe SSD,15 Gigabit,$1.5677 hourly,-,$0.4485 hourly,-,-,2026-09-23 14:20
C8GD Large,c8gd.large,-,Compute optimized,-,4 GiB,2 vCPUs,118 GB NVMe SSD,Up to 12.5 Gigabit,$0.0980 hourly,-,$0.0367 hourly,-,-,2026-09-23 14:20
C8GD Medium,c8gd.medium,-,Compute optimized,-,2 GiB,1 vCPUs,59 GB NVMe SSD,Up to 12.5 Gigabit,$0.0490 hourly,-,$0.0125 hourly,-,-,2026-09-23 14:20
C8GD Metal-24xl,c8gd.metal-24xl,-,Compute optimized,-,192 GiB,96 vCPUs,5700 GB (3×1900 GB NVMe SSD),40 Gigabit,$4.7030 hourly,-,$0.8825 hourly,-,-,2026-09-23 14:20
C8GD Metal-48xl,c8gd.metal-48xl,-,Compute optimized,-,384 GiB,192 vCPUs,11400 GB (6×1900 GB NVMe SSD),50 Gigabit,$9.4061 hourly,-,$1.5930 hourly,-,-,2026-09-23 14:20
C8GD Extra Large,c8gd.xlarge,-,Compute optimized,-,8 GiB,4 vCPUs,237 GB NVMe SSD,Up to 12.5 Gigabit,$0.1960 hourly,-,$0.0723 hourly,-,-,2026-09-23 14:20
C8GN 12xlarge Extra Large,c8gn.12xlarge,"1,393,020.387",Compute optimized,290.0 fps,96 GiB,48 vCPUs,EBS only,150 Gigabit,$2.8440 hourly,-,$0.6155 hourly,-,-,2026-09-23 14:20
C8GN 16xlarge Extra Large,c8gn.16xlarge,"1,838,816.262",Compute optimized,297.0 fps,128 GiB,64 vCPUs,EBS only,200 Gigabit,$3.7920 hourly,-,$0.8845 hourly,-,-,2026-09-23 14:20
C8GN 24xlarge,c8gn.24xlarge,"2,892,219.628",Compute optimized,297.0 fps,192 GiB,96 vCPUs,EBS only,300 Gigabit,$5.6880 hourly,-,$1.2134 hourly,-,-,2026-09-23 14:20
C8GN Double Extra Large,c8gn.2xlarge,"236,756.437",Compute optimized,88.0 fps,16 GiB,8 vCPUs,EBS only,Up to 50 Gigabit,$0.4740 hourly,-,$0.1433 hourly,-,-,2026-09-23 14:20
C8GN 48xlarge,c8gn.48xlarge,"5,220,228.385",Compute optimized,274.0 fps,384 GiB,192 vCPUs,EBS only,600 Gigabit,$11.3760 hourly,-,$2.1741 hourly,-,-,2026-09-23 14:20
C8GN Quadruple Extra Large,c8gn.4xlarge,"470,726.684",Compute optimized,157.0 fps,32 GiB,16 vCPUs,EBS only,50 Gigabit,$0.9480 hourly,-,$0.2960 hourly,-,-,2026-09-23 14:20
C8GN Eight Extra Large,c8gn.8xlarge,"975,386.726",Compute optimized,252.0 fps,64 GiB,32 vCPUs,EBS only,100 Gigabit,$1.8960 hourly,-,$0.4871 hourly,-,-,2026-09-23 14:20
C8GN Large,c8gn.large,"60,656.608",Compute optimized,-,4 GiB,2 vCPUs,EBS only,Up to 30 Gigabit,$0.1185 hourly,-,$0.0383 hourly,-,-,2026-09-23 14:20
C8GN Medium,c8gn.medium,"29,202.765",Compute optimized,-,2 GiB,1 vCPUs,EBS only,Up to 25 Gigabit,$0.0593 hourly,-,$0.0136 hourly,-,-,2026-09-23 14:20
C8GN Metal-24xl,c8gn.metal-24xl,-,Compute optimized,-,192 GiB,96 vCPUs,EBS only,300 Gigabit,$5.6880 hourly,-,$0.8729 hourly,-,-,2026-09-23 14:20
C8GN Metal-48xl,c8gn.metal-48xl,-,Compute optimized,-,384 GiB,192 vCPUs,EBS only,600 Gigabit,$11.3760 hourly,-,$1.1376 hourly,-,-,2026-09-23 14:20
C8GN Extra Large,c8gn.xlarge,"122,165.381",Compute optimized,46.0 fps,8 GiB,4 vCPUs,EBS only,Up to 40 Gigabit,$0.2370 hourly,-,$0.0843 hourly,-,-,2026-09-23 14:20
C8I-FLEX 12xlarge Extra Large,c8i-flex.12xlarge,"1,172,686.184",Compute optimized,266.0 fps,96 GiB,48 vCPUs,EBS only,Up to 22.5 Gigabit,$2.1365 hourly,-,$0.7864 hourly,$4.2341 hourly,-,2026-09-23 14:20
C8I-FLEX 16xlarge Extra Large,c8i-flex.16xlarge,"1,565,493.905",Compute optimized,274.0 fps,128 GiB,64 vCPUs,EBS only,Up to 30 Gigabit,$2.8486 hourly,-,$0.8323 hourly,$5.6454 hourly,-,2026-09-23 14:20
C8I-FLEX Double Extra Large,c8i-flex.2xlarge,"188,065.666",Compute optimized,76.0 fps,16 GiB,8 vCPUs,EBS only,Up to 15 Gigabit,$0.3561 hourly,-,$0.1447 hourly,$0.7057 hourly,-,2026-09-23 14:20
C8I-FLEX Quadruple Extra Large,c8i-flex.4xlarge,"366,244.468",Compute optimized,141.0 fps,32 GiB,16 vCPUs,EBS only,Up to 15 Gigabit,$0.7122 hourly,-,$0.2813 hourly,$1.4114 hourly,-,2026-09-23 14:20
C8I-FLEX Eight Extra Large,c8i-flex.8xlarge,"771,921.361",Compute optimized,232.0 fps,64 GiB,32 vCPUs,EBS only,Up to 15 Gigabit,$1.4243 hourly,-,$0.6228 hourly,$2.8227 hourly,-,2026-09-23 14:20
C8I-FLEX Large,c8i-flex.large,"48,504.446",Compute optimized,-,4 GiB,2 vCPUs,EBS only,Up to 12.5 Gigabit,$0.0890 hourly,-,$0.0259 hourly,$0.1764 hourly,-,2026-09-23 14:20
C8I-FLEX Extra Large,c8i-flex.xlarge,"95,085.28",Compute optimized,39.0 fps,8 GiB,4 vCPUs,EBS only,Up to 12.5 Gigabit,$0.1780 hourly,-,$0.0660 hourly,$0.3528 hourly,-,2026-09-23 14:20
C8I 12xlarge Extra Large,c8i.12xlarge,"1,138,114.997",Compute optimized,282.0 fps,96 GiB,48 vCPUs,EBS only,22.5 Gigabit,$2.2490 hourly,-,$0.6966 hourly,$4.4570 hourly,-,2026-09-23 14:20
C8I 16xlarge Extra Large,c8i.16xlarge,"1,583,570.457",Compute optimized,251.0 fps,128 GiB,64 vCPUs,EBS only,30 Gigabit,$2.9987 hourly,-,$1.0082 hourly,$5.9427 hourly,-,2026-09-23 14:20
C8I 24xlarge,c8i.24xlarge,"2,265,486.726",Compute optimized,309.0 fps,192 GiB,96 vCPUs,EBS only,40 Gigabit,$4.4981 hourly,-,$1.5706 hourly,$8.9141 hourly,-,2026-09-23 14:20
C8I Double Extra Large,c8i.2xlarge,"189,588.435",Compute optimized,75.0 fps,16 GiB,8 vCPUs,EBS only,Up to 15 Gigabit,$0.3748 hourly,-,$0.1763 hourly,$0.7428 hourly,-,2026-09-23 14:20
C8I 32xlarge,c8i.32xlarge,"3,001,876.173",Compute optimized,335.0 fps,256 GiB,128 vCPUs,EBS only,50 Gigabit,$5.9974 hourly,-,$1.9401 hourly,$11.8854 hourly,-,2026-09-23 14:20
C8I 48xlarge,c8i.48xlarge,"4,448,821.178",Compute optimized,311.0 fps,384 GiB,192 vCPUs,EBS only,75 Gigabit,$8.9962 hourly,-,$2.5779 hourly,$17.8282 hourly,-,2026-09-23 14:20
C8I Quadruple Extra Large,c8i.4xlarge,"386,706.949",Compute optimized,143.0 fps,32 GiB,16 vCPUs,EBS only,Up to 15 Gigabit,$0.7497 hourly,-,$0.3334 hourly,$1.4857 hourly,-,2026-09-23 14:20
C8I Eight Extra Large,c8i.8xlarge,"761,814.07",Compute optimized,242.0 fps,64 GiB,32 vCPUs,EBS only,15 Gigabit,$1.4994 hourly,-,$0.6616 hourly,$2.9714 hourly,-,2026-09-23 14:20
C8I 96xlarge,c8i.96xlarge,"8,808,854.734",Compute optimized,312.0 fps,768 GiB,384 vCPUs,EBS only,100 Gigabit,$17.9923 hourly,-,$5.9686 hourly,$35.6563 hourly,-,2026-09-23 14:20
C8I Large,c8i.large,"42,900.043",Compute optimized,-,4 GiB,2 vCPUs,EBS only,Up to 12.5 Gigabit,$0.0937 hourly,-,$0.0319 hourly,$0.1857 hourly,-,2026-09-23 14:20
C8I Metal-48xl,c8i.metal-48xl,"4,532,845.423",Compute optimized,292.0 fps,384 GiB,192 vCPUs,EBS only,75 Gigabit,$8.9962 hourly,-,$2.1345 hourly,$17.8282 hourly,-,2026-09-23 14:20
C8I Metal-96xl,c8i.metal-96xl,"9,151,572.927",Compute optimized,277.0 fps,768 GiB,384 vCPUs,EBS only,100 Gigabit,$17.9923 hourly,-,$1.7992 hourly,$35.6563 hourly,-,2026-09-23 14:20
C8I Extra Large,c8i.xlarge,"94,311.818",Compute optimized,40.0 fps,8 GiB,4 vCPUs,EBS only,Up to 12.5 Gigabit,$0.1874 hourly,-,$0.0786 hourly,$0.3714 hourly,-,2026-09-23 14:20
C8IB 12xlarge Extra Large,c8ib.12xlarge,-,Compute optimized,-,96 GiB,48 vCPUs,EBS only,50 Gigabit,$3.2659 hourly,-,$1.3326 hourly,$5.4739 hourly,-,2026-09-23 14:20
C8IB 16xlarge Extra Large,c8ib.16xlarge,-,Compute optimized,-,128 GiB,64 vCPUs,EBS only,66.66 Gigabit,$4.3546 hourly,-,$1.5938 hourly,$7.2986 hourly,-,2026-09-23 14:20
C8IB 24xlarge,c8ib.24xlarge,-,Compute optimized,-,192 GiB,96 vCPUs,EBS only,100 Gigabit,$6.5318 hourly,-,$2.2318 hourly,$10.9478 hourly,-,2026-09-23 14:20
C8IB Double Extra Large,c8ib.2xlarge,-,Compute optimized,-,16 GiB,8 vCPUs,EBS only,Up to 26.66 Gigabit,$0.5443 hourly,-,$0.2513 hourly,$0.9123 hourly,-,2026-09-23 14:20
C8IB 32xlarge,c8ib.32xlarge,-,Compute optimized,-,256 GiB,128 vCPUs,EBS only,133.33 Gigabit,$8.7091 hourly,-,$2.7111 hourly,$14.5971 hourly,-,2026-09-23 14:20
C8IB 48xlarge,c8ib.48xlarge,-,Compute optimized,-,384 GiB,192 vCPUs,EBS only,200 Gigabit,$13.0637 hourly,-,$3.7654 hourly,$21.8957 hourly,-,2026-09-23 14:20
C8IB Quadruple Extra Large,c8ib.4xlarge,-,Compute optimized,-,32 GiB,16 vCPUs,EBS only,Up to 33.33 Gigabit,$1.0886 hourly,-,$0.4934 hourly,$1.8246 hourly,-,2026-09-23 14:20
C8IB Eight Extra Large,c8ib.8xlarge,-,Compute optimized,-,64 GiB,32 vCPUs,EBS only,33.33 Gigabit,$2.1773 hourly,-,$0.9462 hourly,$3.6493 hourly,-,2026-09-23 14:20
C8IB 96xlarge,c8ib.96xlarge,-,Compute optimized,-,768 GiB,384 vCPUs,EBS only,400 Gigabit,$26.1274 hourly,-,$8.3908 hourly,$43.7914 hourly,-,2026-09-23 14:20
C8IB Large,c8ib.large,-,Compute optimized,-,4 GiB,2 vCPUs,EBS only,Up to 16.66 Gigabit,$0.1361 hourly,-,$0.0395 hourly,$0.2281 hourly,-,2026-09-23 14:20
C8IB Metal-48xl,c8ib.metal-48xl,-,Compute optimized,-,384 GiB,192 vCPUs,EBS only,200 Gigabit,$13.0637 hourly,-,$2.5156 hourly,$21.8957 hourly,-,2026-09-23 14:20
C8IB Metal-96xl,c8ib.metal-96xl,-,Compute optimized,-,768 GiB,384 vCPUs,EBS only,400 Gigabit,$26.1274 hourly,-,$3.0743 hourly,$43.7914 hourly,-,2026-09-23 14:20
C8IB Extra Large,c8ib.xlarge,-,Compute optimized,-,8 GiB,4 vCPUs,EBS only,Up to 20 Gigabit,$0.2722 hourly,-,$0.0933 hourly,$0.4562 hourly,-,2026-09-23 14:20
C8ID 12xlarge Extra Large,c8id.12xlarge,-,Compute optimized,-,96 GiB,48 vCPUs,2850 GB NVMe SSD,22.5 Gigabit,$2.6611 hourly,-,$0.7160 hourly,$4.8691 hourly,-,2026-09-23 14:20
C8ID 16xlarge Extra Large,c8id.16xlarge,-,Compute optimized,-,128 GiB,64 vCPUs,3800 GB NVMe SSD,30 Gigabit,$3.5482 hourly,-,$0.8022 hourly,$6.4922 hourly,-,2026-09-23 14:20
C8ID 24xlarge,c8id.24xlarge,-,Compute optimized,-,192 GiB,96 vCPUs,5700 GB (2×2850 GB NVMe SSD),40 Gigabit,$5.3222 hourly,-,$1.1200 hourly,$9.7382 hourly,-,2026-09-23 14:20
C8ID Double Extra Large,c8id.2xlarge,-,Compute optimized,-,16 GiB,8 vCPUs,474 GB NVMe SSD,Up to 15 Gigabit,$0.4435 hourly,-,$0.1296 hourly,$0.8115 hourly,-,2026-09-23 14:20
C8ID 32xlarge,c8id.32xlarge,-,Compute optimized,-,256 GiB,128 vCPUs,7600 GB (2×3800 GB NVMe SSD),50 Gigabit,$7.0963 hourly,-,$1.1991 hourly,$12.9843 hourly,-,2026-09-23 14:20
C8ID 48xlarge,c8id.48xlarge,-,Compute optimized,-,384 GiB,192 vCPUs,11400 GB (3×3800 GB NVMe SSD),75 Gigabit,$10.6445 hourly,-,$1.0644 hourly,$19.4765 hourly,-,2026-09-23 14:20
C8ID Quadruple Extra Large,c8id.4xlarge,-,Compute optimized,-,32 GiB,16 vCPUs,950 GB NVMe SSD,Up to 15 Gigabit,$0.8870 hourly,-,$0.2378 hourly,$1.6230 hourly,-,2026-09-23 14:20
C8ID Eight Extra Large,c8id.8xlarge,-,Compute optimized,-,64 GiB,32 vCPUs,1900 GB NVMe SSD,15 Gigabit,$1.7741 hourly,-,$0.5341 hourly,$3.2461 hourly,-,2026-09-23 14:20
C8ID 96xlarge,c8id.96xlarge,-,Compute optimized,-,768 GiB,384 vCPUs,22800 GB (6×3800 GB NVMe SSD),100 Gigabit,$21.2890 hourly,-,$3.3727 hourly,$38.9530 hourly,-,2026-09-23 14:20
C8ID Large,c8id.large,-,Compute optimized,-,4 GiB,2 vCPUs,118 GB NVMe SSD,Up to 12.5 Gigabit,$0.1109 hourly,-,$0.0306 hourly,$0.2029 hourly,-,2026-09-23 14:20
C8ID Metal-48xl,c8id.metal-48xl,-,Compute optimized,-,384 GiB,192 vCPUs,11400 GB (3×3800 GB NVMe SSD),75 Gigabit,$10.6445 hourly,-,$2.2938 hourly,$19.4765 hourly,-,2026-09-23 14:20
C8ID Metal-96xl,c8id.metal-96xl,-,Compute optimized,-,768 GiB,384 vCPUs,22800 GB (6×3800 GB NVMe SSD),100 Gigabit,$21.2890 hourly,-,$5.5290 hourly,$38.9530 hourly,-,2026-09-23 14:20
C8ID Extra Large,c8id.xlarge,-,Compute optimized,-,8 GiB,4 vCPUs,237 GB NVMe SSD,Up to 12.5 Gigabit,$0.2218 hourly,-,$0.0684 hourly,$0.4058 hourly,-,2026-09-23 14:20
C8IN 12xlarge Extra Large,c8in.12xlarge,-,Compute optimized,-,96 GiB,48 vCPUs,EBS only,75 Gigabit,$3.2659 hourly,-,$1.1374 hourly,$5.4739 hourly,-,2026-09-23 14:20
C8IN 16xlarge Extra Large,c8in.16xlarge,-,Compute optimized,-,128 GiB,64 vCPUs,EBS only,100 Gigabit,$4.3546 hourly,-,$1.5818 hourly,$7.2986 hourly,-,2026-09-23 14:20
C8IN 24xlarge,c8in.24xlarge,-,Compute optimized,-,192 GiB,96 vCPUs,EBS only,150 Gigabit,$6.5318 hourly,-,$1.9738 hourly,$10.9478 hourly,-,2026-09-23 14:20
C8IN Double Extra Large,c8in.2xlarge,-,Compute optimized,-,16 GiB,8 vCPUs,EBS only,Up to 40 Gigabit,$0.5443 hourly,-,$0.2459 hourly,$0.9123 hourly,-,2026-09-23 14:20
C8IN 32xlarge,c8in.32xlarge,-,Compute optimized,-,256 GiB,128 vCPUs,EBS only,200 Gigabit,$8.7091 hourly,-,$2.7149 hourly,$14.5971 hourly,-,2026-09-23 14:20
C8IN 48xlarge,c8in.48xlarge,-,Compute optimized,-,384 GiB,192 vCPUs,EBS only,300 Gigabit,$13.0637 hourly,-,$4.1918 hourly,$21.8957 hourly,-,2026-09-23 14:20
C8IN Quadruple Extra Large,c8in.4xlarge,-,Compute optimized,-,32 GiB,16 vCPUs,EBS only,Up to 50 Gigabit,$1.0886 hourly,-,$0.4406 hourly,$1.8246 hourly,-,2026-09-23 14:20
C8IN Eight Extra Large,c8in.8xlarge,-,Compute optimized,-,64 GiB,32 vCPUs,EBS only,50 Gigabit,$2.1773 hourly,-,$0.8410 hourly,$3.6493 hourly,-,2026-09-23 14:20
C8IN 96xlarge,c8in.96xlarge,-,Compute optimized,-,768 GiB,384 vCPUs,EBS only,600 Gigabit,$26.1274 hourly,-,$7.6970 hourly,$43.7914 hourly,-,2026-09-23 14:20
C8IN Large,c8in.large,-,Compute optimized,-,4 GiB,2 vCPUs,EBS only,Up to 25 Gigabit,$0.1361 hourly,-,$0.0404 hourly,$0.2281 hourly,-,2026-09-23 14:20
C8IN Metal-48xl,c8in.metal-48xl,-,Compute optimized,-,384 GiB,192 vCPUs,EBS only,300 Gigabit,$13.0637 hourly,-,$2.3345 hourly,$21.8957 hourly,-,2026-09-23 14:20
C8IN Metal-96xl,c8in.metal-96xl,-,Compute optimized,-,768 GiB,384 vCPUs,EBS only,600 Gigabit,$26.1274 hourly,-,$2.8889 hourly,$43.7914 hourly,-,2026-09-23 14:20
C8IN Extra Large,c8in.xlarge,-,Compute optimized,-,8 GiB,4 vCPUs,EBS only,Up to 30 Gigabit,$0.2722 hourly,-,$0.0865 hourly,$0.4562 hourly,-,2026-09-23 14:20
C8INE 12xlarge Extra Large,c8ine.12xlarge,"1,178,203.24",Compute optimized,109.0 fps,96 GiB,48 vCPUs,EBS only,75 Gigabit,$4.0824 hourly,-,$1.3478 hourly,$6.2904 hourly,-,2026-09-23 14:20
C8INE Double Extra Large,c8ine.2xlarge,"198,626.169",Compute optimized,74.0 fps,16 GiB,8 vCPUs,EBS only,12.5 Gigabit,$0.6804 hourly,-,$0.2561 hourly,$1.0484 hourly,-,2026-09-23 14:20
C8INE Quadruple Extra Large,c8ine.4xlarge,"391,453.27",Compute optimized,134.0 fps,32 GiB,16 vCPUs,EBS only,25 Gigabit,$1.3608 hourly,-,$0.6085 hourly,$2.0968 hourly,-,2026-09-23 14:20
C8INE Eight Extra Large,c8ine.8xlarge,"796,812.749",Compute optimized,231.0 fps,64 GiB,32 vCPUs,EBS only,50 Gigabit,$2.7216 hourly,-,$1.2426 hourly,$4.1936 hourly,-,2026-09-23 14:20
C8INE Large,c8ine.large,"47,630.388",Compute optimized,-,4 GiB,2 vCPUs,EBS only,3.125 Gigabit,$0.1701 hourly,-,$0.0430 hourly,$0.2621 hourly,-,2026-09-23 14:20
C8INE Extra Large,c8ine.xlarge,"92,823.577",Compute optimized,40.0 fps,8 GiB,4 vCPUs,EBS only,6.25 Gigabit,$0.3402 hourly,-,$0.1068 hourly,$0.5242 hourly,-,2026-09-23 14:20
C9G 12xlarge Extra Large,c9g.12xlarge,"1,639,344.262",Compute optimized,346.0 fps,96 GiB,48 vCPUs,EBS only,25 Gigabit,$2.0866 hourly,-,$0.6537 hourly,-,-,2026-09-23 14:20
C9G 16xlarge Extra Large,c9g.16xlarge,"2,295,964.126",Compute optimized,299.0 fps,128 GiB,64 vCPUs,EBS only,34 Gigabit,$2.7821 hourly,-,$0.7801 hourly,-,-,2026-09-23 14:20
C9G 24xlarge,c9g.24xlarge,"3,406,469.927",Compute optimized,247.0 fps,192 GiB,96 vCPUs,EBS only,50 Gigabit,$4.1731 hourly,-,$1.0581 hourly,-,-,2026-09-23 14:20
C9G Double Extra Large,c9g.2xlarge,"293,326.815",Compute optimized,116.0 fps,16 GiB,8 vCPUs,EBS only,Up to 17 Gigabit,$0.3478 hourly,-,$0.1462 hourly,-,-,2026-09-23 14:20
C9G 48xlarge,c9g.48xlarge,"6,868,181.005",Compute optimized,370.0 fps,384 GiB,192 vCPUs,EBS only,100 Gigabit,$8.3462 hourly,-,$2.6521 hourly,-,-,2026-09-23 14:20
C9G Quadruple Extra Large,c9g.4xlarge,"576,472.708",Compute optimized,169.0 fps,32 GiB,16 vCPUs,EBS only,Up to 17 Gigabit,$0.6955 hourly,-,$0.2707 hourly,-,-,2026-09-23 14:20
C9G Eight Extra Large,c9g.8xlarge,"1,163,636.364",Compute optimized,311.0 fps,64 GiB,32 vCPUs,EBS only,17 Gigabit,$1.3910 hourly,-,$0.5410 hourly,-,-,2026-09-23 14:20
C9G Large,c9g.large,"72,067.744",Compute optimized,-,4 GiB,2 vCPUs,EBS only,Up to 15 Gigabit,$0.0869 hourly,-,$0.0262 hourly,-,-,2026-09-23 14:20
C9G Medium,c9g.medium,"37,721.614",Compute optimized,-,2 GiB,1 vCPUs,EBS only,Up to 15 Gigabit,$0.0435 hourly,-,$0.0068 hourly,-,-,2026-09-23 14:20
C9G Metal-48xl,c9g.metal-48xl,"7,056,661.562",Compute optimized,376.0 fps,384 GiB,192 vCPUs,EBS only,100 Gigabit,$8.3462 hourly,-,$2.1185 hourly,-,-,2026-09-23 14:20
C9G Extra Large,c9g.xlarge,"146,163.216",Compute optimized,60.0 fps,8 GiB,4 vCPUs,EBS only,Up to 15 Gigabit,$0.1739 hourly,-,$0.0729 hourly,-,-,2026-09-23 14:20
C9GD 12xlarge Extra Large,c9gd.12xlarge,"1,614,530.777",Compute optimized,102.0 fps,96 GiB,48 vCPUs,2850 GB (3×950 GB NVMe SSD),25 Gigabit,$2.5632 hourly,-,$0.7305 hourly,-,-,2026-09-23 14:20
C9GD 16xlarge Extra Large,c9gd.16xlarge,"2,387,317.376",Compute optimized,205.0 fps,128 GiB,64 vCPUs,3800 GB NVMe SSD,34 Gigabit,$3.4176 hourly,-,$1.0137 hourly,-,-,2026-09-23 14:20
C9GD 24xlarge,c9gd.24xlarge,"3,366,649.132",Compute optimized,277.0 fps,192 GiB,96 vCPUs,5700 GB (3×1900 GB NVMe SSD),50 Gigabit,$5.1264 hourly,-,$0.9886 hourly,-,-,2026-09-23 14:20
C9GD Double Extra Large,c9gd.2xlarge,"284,832.661",Compute optimized,113.0 fps,16 GiB,8 vCPUs,474 GB NVMe SSD,Up to 17 Gigabit,$0.4272 hourly,-,$0.1494 hourly,-,-,2026-09-23 14:20
C9GD 48xlarge,c9gd.48xlarge,"6,758,580.229",Compute optimized,333.0 fps,384 GiB,192 vCPUs,11400 GB (3×3800 GB NVMe SSD),100 Gigabit,$10.2528 hourly,-,$2.9923 hourly,-,-,2026-09-23 14:20
C9GD Quadruple Extra Large,c9gd.4xlarge,"575,850.279",Compute optimized,192.0 fps,32 GiB,16 vCPUs,950 GB NVMe SSD,Up to 17 Gigabit,$0.8544 hourly,-,$0.2848 hourly,-,-,2026-09-23 14:20
C9GD Eight Extra Large,c9gd.8xlarge,"1,198,576.69",Compute optimized,292.0 fps,64 GiB,32 vCPUs,1900 GB NVMe SSD,17 Gigabit,$1.7088 hourly,-,$0.6310 hourly,-,-,2026-09-23 14:20
C9GD Large,c9gd.large,"70,863.352",Compute optimized,-,4 GiB,2 vCPUs,118 GB NVMe SSD,Up to 15 Gigabit,$0.1068 hourly,-,$0.0277 hourly,-,-,2026-09-23 14:20
C9GD Medium,c9gd.medium,"35,373.187",Compute optimized,-,2 GiB,1 vCPUs,59 GB NVMe SSD,Up to 15 Gigabit,$0.0534 hourly,-,$0.0068 hourly,-,-,2026-09-23 14:20
C9GD Metal-48xl,c9gd.metal-48xl,"6,943,523.597",Compute optimized,379.0 fps,384 GiB,192 vCPUs,11400 GB (3×3800 GB NVMe SSD),100 Gigabit,$10.2528 hourly,-,$2.0352 hourly,-,-,2026-09-23 14:20
C9GD Extra Large,c9gd.xlarge,"146,296.861",Compute optimized,60.0 fps,8 GiB,4 vCPUs,237 GB NVMe SSD,Up to 15 Gigabit,$0.2136 hourly,-,$0.0759 hourly,-,-,2026-09-23 14:20
Cluster Compute Eight Extra Large,cc2.8xlarge,-,Compute optimized,-,60.5 GiB,32 vCPUs,EBS only,10 Gigabit,-,-,-,-,-,2026-09-23 14:20
High Memory Cluster Eight Extra Large,cr1.8xlarge,-,Memory optimized,-,244 GiB,32 vCPUs,EBS only,10 Gigabit,$3.5000 hourly,-,-,$3.8310 hourly,-,2026-09-23 14:20
D2 Double Extra Large,d2.2xlarge,"116,510.51",Storage optimized,44.0 fps,61 GiB,8 vCPUs,12288 GB (6×2048 GB HDD),High,$1.3800 hourly,$0.8040 hourly,$0.2417 hourly,$1.6010 hourly,$0.8850 hourly,2026-09-23 14:20
D2 Quadruple Extra Large,d2.4xlarge,"232,998.398",Storage optimized,82.0 fps,122 GiB,16 vCPUs,24576 GB (12×2048 GB HDD),High,$2.7600 hourly,$1.6080 hourly,$0.7335 hourly,$3.0620 hourly,$1.6900 hourly,2026-09-23 14:20
D2 Eight Extra Large,d2.8xlarge,"543,204.909",Storage optimized,141.0 fps,244 GiB,36 vCPUs,49152 GB (24×2048 GB HDD),10 Gigabit,$5.5200 hourly,$3.2160 hourly,$1.5003 hourly,$6.1980 hourly,$3.3000 hourly,2026-09-23 14:20
D2 Extra Large,d2.xlarge,"58,190.282",Storage optimized,23.0 fps,30.5 GiB,4 vCPUs,6144 GB (3×2048 GB HDD),Moderate,$0.6900 hourly,$0.4020 hourly,$0.0950 hourly,$0.8210 hourly,$0.4720 hourly,2026-09-23 14:20
D3 Double Extra Large,d3.2xlarge,"118,606.375",Storage optimized,46.0 fps,64 GiB,8 vCPUs,11880 GB (6×1980 GB NVMe HDD),Up to 15 Gigabit,$0.9990 hourly,$0.6290 hourly,$0.2731 hourly,$1.3670 hourly,$0.9970 hourly,2026-09-23 14:20
D3 Quadruple Extra Large,d3.4xlarge,"227,563.647",Storage optimized,78.0 fps,128 GiB,16 vCPUs,23760 GB (12×1980 GB NVMe HDD),Up to 15 Gigabit,$1.9980 hourly,$1.2590 hourly,$0.6329 hourly,$2.7340 hourly,$1.9950 hourly,2026-09-23 14:20
D3 Eight Extra Large,d3.8xlarge,"468,087.181",Storage optimized,134.0 fps,256 GiB,32 vCPUs,47520 GB (24×1980 GB NVMe HDD),25 Gigabit,$3.9955 hourly,$2.5172 hourly,$1.1061 hourly,$5.4675 hourly,$3.9892 hourly,2026-09-23 14:20
D3 Extra Large,d3.xlarge,"55,891.942",Storage optimized,24.0 fps,32 GiB,4 vCPUs,5940 GB (3×1980 GB NVMe HDD),Up to 15 Gigabit,$0.4990 hourly,$0.3150 hourly,$0.1124 hourly,$0.6830 hourly,$0.4990 hourly,2026-09-23 14:20
D3EN 12xlarge Extra Large,d3en.12xlarge,"691,476.591",Storage optimized,157.0 fps,192 GiB,48 vCPUs,335520 GB (24×13980 GB NVMe HDD),75 Gigabit,$6.3086 hourly,$3.9744 hourly,$0.9799 hourly,$8.5166 hourly,$6.1824 hourly,2026-09-23 14:20
D3EN Double Extra Large,d3en.2xlarge,"118,688.492",Storage optimized,42.0 fps,32 GiB,8 vCPUs,55920 GB (4×13980 GB NVMe HDD),Up to 25 Gigabit,$1.0510 hourly,$0.6620 hourly,$0.2062 hourly,$1.4190 hourly,$1.0300 hourly,2026-09-23 14:20
D3EN Quadruple Extra Large,d3en.4xlarge,"250,849.229",Storage optimized,90.0 fps,64 GiB,16 vCPUs,111840 GB (8×13980 GB NVMe HDD),25 Gigabit,$2.1030 hourly,$1.3250 hourly,$0.4268 hourly,$2.8390 hourly,$2.0610 hourly,2026-09-23 14:20
D3EN 6xlarge,d3en.6xlarge,"351,528.171",Storage optimized,127.0 fps,96 GiB,24 vCPUs,167760 GB (12×13980 GB NVMe HDD),40 Gigabit,$3.1540 hourly,$1.9870 hourly,$0.5436 hourly,$4.2580 hourly,$3.0910 hourly,2026-09-23 14:20
D3EN Eight Extra Large,d3en.8xlarge,"481,685.901",Storage optimized,150.0 fps,128 GiB,32 vCPUs,223680 GB (16×13980 GB NVMe HDD),50 Gigabit,$4.2058 hourly,$2.6496 hourly,$1.0751 hourly,$5.6778 hourly,$4.1216 hourly,2026-09-23 14:20
D3EN Large,d3en.large,-,Storage optimized,-,8 GiB,2 vCPUs,EBS only,Up to 25 Gigabit,-,-,-,-,-,2026-09-23 14:20
D3EN Extra Large,d3en.xlarge,"58,751.53",Storage optimized,20.0 fps,16 GiB,4 vCPUs,27960 GB (2×13980 GB NVMe HDD),Up to 25 Gigabit,$0.5260 hourly,$0.3310 hourly,$0.0859 hourly,$0.7100 hourly,$0.5150 hourly,2026-09-23 14:20
DL1 24xlarge,dl1.24xlarge,"1,593,162.677",Machine Learning ASIC Instances,198.0 fps,768 GiB,96 vCPUs,EBS only,400 Gigabit,$13.1090 hourly,$8.2587 hourly,-,-,-,2026-09-23 14:20
F1 16xlarge Extra Large,f1.16xlarge,-,FPGA Instances,-,976 GiB,64 vCPUs,EBS only,25 Gigabit,$13.2000 hourly,-,-,-,-,2026-09-23 14:20
F1 Double Extra Large,f1.2xlarge,-,FPGA Instances,-,122 GiB,8 vCPUs,EBS only,Up to 10 Gigabit,$1.6500 hourly,-,-,-,-,2026-09-23 14:20
F1 Quadruple Extra Large,f1.4xlarge,-,FPGA Instances,-,244 GiB,16 vCPUs,EBS only,10 Gigabit,$3.3000 hourly,-,-,-,-,2026-09-23 14:20
F2 12xlarge Extra Large,f2.12xlarge,"951,908.775",FPGA Instances,202.0 fps,512 GiB,48 vCPUs,1880 GB (2×940 GB NVMe SSD),25 Gigabit,$3.9600 hourly,-,$1.1227 hourly,-,-,2026-09-23 14:20
F2 48xlarge,f2.48xlarge,-,FPGA Instances,-,2048 GiB,192 vCPUs,7520 GB (8×940 GB NVMe SSD),100 Gigabit,$15.8400 hourly,-,$4.2920 hourly,-,-,2026-09-23 14:20
F2 6xlarge,f2.6xlarge,"485,829.96",FPGA Instances,166.0 fps,256 GiB,24 vCPUs,940 GB NVMe SSD,12.5 Gigabit,$1.9800 hourly,-,$0.6466 hourly,-,-,2026-09-23 14:20
G2 Double Extra Large,g2.2xlarge,-,GPU instance,-,15 GiB,8 vCPUs,EBS only,Moderate,$0.6500 hourly,-,-,$0.7670 hourly,-,2026-09-23 14:20
G2 Eight Extra Large,g2.8xlarge,-,GPU instance,-,60 GiB,32 vCPUs,EBS only,High,$2.6000 hourly,-,-,$2.8780 hourly,-,2026-09-23 14:20
G3 Graphics GPU 16xlarge Extra Large,g3.16xlarge,-,GPU instance,-,488 GiB,64 vCPUs,EBS only,20 Gigabit,$4.5600 hourly,-,-,$7.5040 hourly,-,2026-09-23 14:20
G3 Graphics GPU Quadruple Extra Large,g3.4xlarge,-,GPU instance,-,122 GiB,16 vCPUs,EBS only,Up to 10 Gigabit,$1.1400 hourly,-,-,$1.8760 hourly,-,2026-09-23 14:20
G3 Graphics GPU Eight Extra Large,g3.8xlarge,-,GPU instance,-,244 GiB,32 vCPUs,EBS only,10 Gigabit,$2.2800 hourly,-,-,$3.7520 hourly,-,2026-09-23 14:20
G3S Extra Large,g3s.xlarge,-,GPU instance,-,30.5 GiB,4 vCPUs,EBS only,10 Gigabit,$0.7500 hourly,-,-,$0.9340 hourly,-,2026-09-23 14:20
G4AD 16xlarge Extra Large,g4ad.16xlarge,"1,251,099.599",GPU instance,175.0 fps,256 GiB,64 vCPUs,EBS only,25 Gigabit,$3.4680 hourly,-,$1.6447 hourly,$6.4120 hourly,-,2026-09-23 14:20
G4AD Double Extra Large,g4ad.2xlarge,"149,300.156",GPU instance,53.0 fps,32 GiB,8 vCPUs,EBS only,Up to 10 Gigabit,$0.5412 hourly,-,$0.1860 hourly,$0.9092 hourly,-,2026-09-23 14:20
G4AD Quadruple Extra Large,g4ad.4xlarge,"301,744.46",GPU instance,100.0 fps,64 GiB,16 vCPUs,EBS only,Up to 10 Gigabit,$0.8670 hourly,-,$0.3690 hourly,$1.6030 hourly,-,2026-09-23 14:20
G4AD Eight Extra Large,g4ad.8xlarge,"609,911.055",GPU instance,151.0 fps,128 GiB,32 vCPUs,EBS only,15 Gigabit,$1.7340 hourly,-,$0.5872 hourly,$3.2060 hourly,-,2026-09-23 14:20
G4AD Extra Large,g4ad.xlarge,"74,710.497",GPU instance,28.0 fps,16 GiB,4 vCPUs,EBS only,Up to 10 Gigabit,$0.3785 hourly,-,$0.0995 hourly,$0.5625 hourly,-,2026-09-23 14:20
G4DN 12xlarge Extra Large,g4dn.12xlarge,"715,776.916",GPU instance,110.0 fps,192 GiB,48 vCPUs,900 GB NVMe SSD,50 Gigabit,$3.9120 hourly,$2.4650 hourly,$1.5675 hourly,$6.1200 hourly,$4.6730 hourly,2026-09-23 14:20
G4DN 16xlarge Extra Large,g4dn.16xlarge,"914,808.462",GPU instance,105.0 fps,256 GiB,64 vCPUs,900 GB NVMe SSD,50 Gigabit,$4.3520 hourly,$2.7420 hourly,$1.3405 hourly,$7.2960 hourly,$5.6860 hourly,2026-09-23 14:20
G4DN Double Extra Large,g4dn.2xlarge,"116,228.389",GPU instance,105.0 fps,32 GiB,8 vCPUs,225 GB NVMe SSD,Up to 25 Gigabit,$0.7520 hourly,$0.4740 hourly,$0.2493 hourly,$1.1200 hourly,$0.8420 hourly,2026-09-23 14:20
G4DN Quadruple Extra Large,g4dn.4xlarge,"230,991.338",GPU instance,106.0 fps,64 GiB,16 vCPUs,225 GB NVMe SSD,Up to 25 Gigabit,$1.2040 hourly,$0.7590 hourly,$0.4938 hourly,$1.9400 hourly,$1.4950 hourly,2026-09-23 14:20
G4DN Eight Extra Large,g4dn.8xlarge,"458,343.28",GPU instance,105.0 fps,128 GiB,32 vCPUs,900 GB NVMe SSD,50 Gigabit,$2.1760 hourly,$1.3710 hourly,$0.6904 hourly,$3.6480 hourly,$2.8430 hourly,2026-09-23 14:20
G4DN Metal,g4dn.metal,"1,287,380.984",GPU instance,103.0 fps,384 GiB,96 vCPUs,1800 GB (2×900 GB NVMe SSD),100 Gigabit,$7.8240 hourly,$4.9290 hourly,$4.6990 hourly,$12.2400 hourly,$9.3450 hourly,2026-09-23 14:20
G4DN Extra Large,g4dn.xlarge,"55,463.117",GPU instance,105.0 fps,16 GiB,4 vCPUs,125 GB NVMe SSD,Up to 25 Gigabit,$0.5260 hourly,$0.3310 hourly,$0.2483 hourly,$0.7100 hourly,$0.5150 hourly,2026-09-23 14:20
G5 Graphics and Machine Learning GPU 12xlarge Extra Large,g5.12xlarge,"895,146.627",GPU instance,109.0 fps,192 GiB,48 vCPUs,3800 GB NVMe SSD,40 Gigabit,$5.6720 hourly,$3.5734 hourly,$2.8379 hourly,$7.8800 hourly,$5.7814 hourly,2026-09-23 14:20
G5 Graphics and Machine Learning GPU 16xlarge Extra Large,g5.16xlarge,"1,246,915.184",GPU instance,113.0 fps,256 GiB,64 vCPUs,1900 GB NVMe SSD,25 Gigabit,$4.0960 hourly,$2.5805 hourly,$1.5932 hourly,$7.0400 hourly,$5.5245 hourly,2026-09-23 14:20
G5 Graphics and Machine Learning GPU 24xlarge,g5.24xlarge,"1,613,987.895",GPU instance,111.0 fps,384 GiB,96 vCPUs,3800 GB NVMe SSD,50 Gigabit,$8.1440 hourly,$5.1307 hourly,$2.7725 hourly,$12.5600 hourly,$9.5467 hourly,2026-09-23 14:20
G5 Graphics and Machine Learning GPU Double Extra Large,g5.2xlarge,"144,423.884",GPU instance,114.0 fps,32 GiB,8 vCPUs,450 GB NVMe SSD,Up to 10 Gigabit,$1.2120 hourly,$0.7636 hourly,$0.7111 hourly,$1.5800 hourly,$1.1316 hourly,2026-09-23 14:20
G5 Graphics and Machine Learning GPU 48xlarge,g5.48xlarge,"3,614,457.831",GPU instance,110.0 fps,768 GiB,192 vCPUs,7600 GB (2×3800 GB NVMe SSD),100 Gigabit,$16.2880 hourly,$10.2614 hourly,$3.7434 hourly,$25.1200 hourly,$19.0934 hourly,2026-09-23 14:20
G5 Graphics and Machine Learning GPU Quadruple Extra Large,g5.4xlarge,"312,479.656",GPU instance,111.0 fps,64 GiB,16 vCPUs,600 GB NVMe SSD,Up to 25 Gigabit,$1.6240 hourly,$1.0231 hourly,$0.6548 hourly,$2.3600 hourly,$1.7591 hourly,2026-09-23 14:20
G5 Graphics and Machine Learning GPU Eight Extra Large,g5.8xlarge,"621,902.633",GPU instance,111.0 fps,128 GiB,32 vCPUs,900 GB NVMe SSD,25 Gigabit,$2.4480 hourly,$1.5422 hourly,$1.0589 hourly,$3.9200 hourly,$3.0142 hourly,2026-09-23 14:20
G5 Graphics and Machine Learning GPU Extra Large,g5.xlarge,"69,633.842",GPU instance,115.0 fps,16 GiB,4 vCPUs,250 GB NVMe SSD,Up to 10 Gigabit,$1.0060 hourly,$0.6338 hourly,$0.4516 hourly,$1.1900 hourly,$0.8178 hourly,2026-09-23 14:20
G5G 16xlarge Extra Large,g5g.16xlarge,"1,283,422.46",GPU instance,100.0 fps,128 GiB,64 vCPUs,EBS only,25 Gigabit,$2.7440 hourly,$1.7287 hourly,$0.6157 hourly,-,-,2026-09-23 14:20
G5G Double Extra Large,g5g.2xlarge,"157,801.302",GPU instance,99.0 fps,16 GiB,8 vCPUs,EBS only,Up to 10 Gigabit,$0.5560 hourly,$0.3503 hourly,$0.2711 hourly,-,-,2026-09-23 14:20
G5G Quadruple Extra Large,g5g.4xlarge,"314,877.985",GPU instance,99.0 fps,32 GiB,16 vCPUs,EBS only,Up to 10 Gigabit,$0.8280 hourly,$0.5216 hourly,$0.3605 hourly,-,-,2026-09-23 14:20
G5G Eight Extra Large,g5g.8xlarge,"622,245.268",GPU instance,100.0 fps,64 GiB,32 vCPUs,EBS only,12 Gigabit,$1.3720 hourly,$0.8644 hourly,$0.6112 hourly,-,-,2026-09-23 14:20
G5G Metal,g5g.metal,"1,262,202.939",GPU instance,178.0 fps,128 GiB,64 vCPUs,EBS only,25 Gigabit,$2.7440 hourly,$1.7287 hourly,$0.4842 hourly,-,-,2026-09-23 14:20
G5G Extra Large,g5g.xlarge,"77,504.36",GPU instance,99.0 fps,8 GiB,4 vCPUs,EBS only,Up to 10 Gigabit,$0.4200 hourly,$0.2646 hourly,$0.1388 hourly,-,-,2026-09-23 14:20
G6 Graphics and Machine Learning GPU 12xlarge Extra Large,g6.12xlarge,"1,056,861.342",GPU instance,138.0 fps,192 GiB,48 vCPUs,3760 GB (4×940 GB NVMe SSD),40 Gigabit,$4.6016 hourly,$2.9956 hourly,$1.7357 hourly,$6.8096 hourly,$5.2036 hourly,2026-09-23 14:20
G6 Graphics and Machine Learning GPU 16xlarge Extra Large,g6.16xlarge,"1,380,872.755",GPU instance,134.0 fps,256 GiB,64 vCPUs,1880 GB (2×940 GB NVMe SSD),25 Gigabit,$3.3968 hourly,$2.2113 hourly,$1.2764 hourly,$6.3408 hourly,$5.1553 hourly,2026-09-23 14:20
G6 Graphics and Machine Learning GPU 24xlarge,g6.24xlarge,"1,884,200.196",GPU instance,134.0 fps,384 GiB,96 vCPUs,3760 GB (4×940 GB NVMe SSD),50 Gigabit,$6.6752 hourly,$4.3456 hourly,$3.1841 hourly,$11.0912 hourly,$8.7616 hourly,2026-09-23 14:20
G6 Graphics and Machine Learning GPU Double Extra Large,g6.2xlarge,"167,346.512",GPU instance,133.0 fps,32 GiB,8 vCPUs,450 GB NVMe SSD,Up to 10 Gigabit,$0.9776 hourly,$0.6364 hourly,$0.8373 hourly,$1.3456 hourly,$1.0044 hourly,2026-09-23 14:20
G6 Graphics and Machine Learning GPU 48xlarge,g6.48xlarge,"3,842,689.883",GPU instance,131.0 fps,768 GiB,192 vCPUs,7520 GB (8×940 GB NVMe SSD),100 Gigabit,$13.3504 hourly,$8.6911 hourly,$5.8321 hourly,$22.1824 hourly,$17.5231 hourly,2026-09-23 14:20
G6 Graphics and Machine Learning GPU Quadruple Extra Large,g6.4xlarge,"332,519.354",GPU instance,133.0 fps,64 GiB,16 vCPUs,600 GB NVMe SSD,Up to 25 Gigabit,$1.3232 hourly,$0.8614 hourly,$0.9980 hourly,$2.0592 hourly,$1.5974 hourly,2026-09-23 14:20
G6 Graphics and Machine Learning GPU Eight Extra Large,g6.8xlarge,"689,915.378",GPU instance,135.0 fps,128 GiB,32 vCPUs,900 GB (2×450 GB NVMe SSD),25 Gigabit,$2.0144 hourly,$1.3114 hourly,$1.0480 hourly,$3.4864 hourly,$2.7834 hourly,2026-09-23 14:20
G6 Graphics and Machine Learning GPU Extra Large,g6.xlarge,"83,813.515",GPU instance,134.0 fps,16 GiB,4 vCPUs,250 GB NVMe SSD,Up to 10 Gigabit,$0.8048 hourly,$0.5239 hourly,$0.6132 hourly,$0.9888 hourly,$0.7079 hourly,2026-09-23 14:20
G6e Graphics and Machine Learning GPU 12xlarge Extra Large,g6e.12xlarge,"1,061,946.903",GPU instance,143.0 fps,384 GiB,48 vCPUs,3800 GB (2×1900 GB NVMe SSD),100 Gigabit,$10.4926 hourly,$6.6104 hourly,$6.1207 hourly,$12.7006 hourly,$8.8184 hourly,2026-09-23 14:20
G6e Graphics and Machine Learning GPU 16xlarge Extra Large,g6e.16xlarge,"1,347,368.421",GPU instance,129.0 fps,512 GiB,64 vCPUs,1900 GB (2×950 GB NVMe SSD),35 Gigabit,$7.5772 hourly,$4.7736 hourly,$2.3675 hourly,$10.5212 hourly,$7.7176 hourly,2026-09-23 14:20
G6e Graphics and Machine Learning GPU 24xlarge,g6e.24xlarge,"1,793,470.646",GPU instance,144.0 fps,768 GiB,96 vCPUs,3800 GB (2×1900 GB NVMe SSD),200 Gigabit,$15.0656 hourly,$9.4913 hourly,$1.6854 hourly,$19.4816 hourly,$13.9073 hourly,2026-09-23 14:20
G6e Graphics and Machine Learning GPU Double Extra Large,g6e.2xlarge,"163,968.026",GPU instance,143.0 fps,64 GiB,8 vCPUs,450 GB NVMe SSD,Up to 20 Gigabit,$2.2421 hourly,$1.4125 hourly,$2.2421 hourly,$2.6101 hourly,$1.7805 hourly,2026-09-23 14:20
G6e Graphics and Machine Learning GPU 48xlarge,g6e.48xlarge,"3,635,502.959",GPU instance,142.0 fps,1536 GiB,192 vCPUs,7600 GB (4×1900 GB NVMe SSD),400 Gigabit,$30.1312 hourly,$18.9826 hourly,$7.8110 hourly,$38.9632 hourly,$27.8146 hourly,2026-09-23 14:20
G6e Graphics and Machine Learning GPU Quadruple Extra Large,g6e.4xlarge,"343,366.06",GPU instance,143.0 fps,128 GiB,16 vCPUs,600 GB NVMe SSD,20 Gigabit,$3.0042 hourly,$1.8927 hourly,$1.8615 hourly,$3.7402 hourly,$2.6287 hourly,2026-09-23 14:20
G6e Graphics and Machine Learning GPU Eight Extra Large,g6e.8xlarge,"692,715.662",GPU instance,110.0 fps,256 GiB,32 vCPUs,900 GB (2×450 GB NVMe SSD),25 Gigabit,$4.5286 hourly,$2.8530 hourly,$1.7949 hourly,$6.0006 hourly,$4.3250 hourly,2026-09-23 14:20
G6e Graphics and Machine Learning GPU Extra Large,g6e.xlarge,"79,400.526",GPU instance,146.0 fps,32 GiB,4 vCPUs,250 GB NVMe SSD,Up to 20 Gigabit,$1.8610 hourly,$1.1724 hourly,$1.7009 hourly,$2.0450 hourly,$1.3564 hourly,2026-09-23 14:20
G6F Double Extra Large,g6f.2xlarge,"174,083.342",GPU instance,66.0 fps,32 GiB,8 vCPUs,200 GB NVMe SSD,Up to 10 Gigabit,$0.4750 hourly,-,$0.2058 hourly,$0.8430 hourly,-,2026-09-23 14:20
G6F Quadruple Extra Large,g6f.4xlarge,"348,754.836",GPU instance,122.0 fps,64 GiB,16 vCPUs,450 GB NVMe SSD,Up to 25 Gigabit,$0.9500 hourly,-,$0.1427 hourly,$1.6860 hourly,-,2026-09-23 14:20
G6F Large,g6f.large,"40,677.277",GPU instance,17.0 fps,8 GiB,2 vCPUs,100 GB NVMe SSD,Up to 10 Gigabit,$0.2020 hourly,-,$0.0670 hourly,$0.2940 hourly,-,2026-09-23 14:20
G6F Extra Large,g6f.xlarge,"70,975.469",GPU instance,30.0 fps,16 GiB,4 vCPUs,100 GB NVMe SSD,Up to 10 Gigabit,$0.2375 hourly,-,$0.0891 hourly,$0.4215 hourly,-,2026-09-23 14:20
G7 12xlarge Extra Large,g7.12xlarge,"1,511,414.327",GPU instance,239.0 fps,192 GiB,48 vCPUs,1900 GB NVMe SSD,175 Gigabit,$7.1283 hourly,-,$0.9807 hourly,$9.3363 hourly,-,2026-09-23 14:20
G7 24xlarge,g7.24xlarge,"2,780,795.134",GPU instance,213.0 fps,384 GiB,96 vCPUs,3800 GB NVMe SSD,350 Gigabit,$14.2566 hourly,-,$1.8775 hourly,$18.6726 hourly,-,2026-09-23 14:20
G7 Double Extra Large,g7.2xlarge,"267,409.471",GPU instance,104.0 fps,32 GiB,8 vCPUs,440 GB NVMe SSD,Up to 60 Gigabit,$2.5200 hourly,-,$0.5799 hourly,$2.8880 hourly,-,2026-09-23 14:20
G7 48xlarge,g7.48xlarge,"5,701,982.33",GPU instance,301.0 fps,768 GiB,192 vCPUs,7600 GB (2×3800 GB NVMe SSD),700 Gigabit,$28.5133 hourly,-,$5.2302 hourly,$37.3453 hourly,-,2026-09-23 14:20
G7 Quadruple Extra Large,g7.4xlarge,"540,357.987",GPU instance,174.0 fps,64 GiB,16 vCPUs,875 GB NVMe SSD,Up to 100 Gigabit,$3.0421 hourly,-,$0.6167 hourly,$3.7781 hourly,-,2026-09-23 14:20
G7 Eight Extra Large,g7.8xlarge,"1,068,685.294",GPU instance,232.0 fps,128 GiB,32 vCPUs,930 GB NVMe SSD,100 Gigabit,$4.0862 hourly,-,$0.7241 hourly,$5.5582 hourly,-,2026-09-23 14:20
G7E 12xlarge Extra Large,g7e.12xlarge,"1,199,200.533",GPU instance,71.0 fps,512 GiB,48 vCPUs,3800 GB NVMe SSD,400 Gigabit,$8.2861 hourly,-,$5.5833 hourly,$10.4941 hourly,-,2026-09-23 14:20
G7E 24xlarge,g7e.24xlarge,"2,040,960.952",GPU instance,161.0 fps,1024 GiB,96 vCPUs,7600 GB (2×3800 GB NVMe SSD),800 Gigabit,$16.5722 hourly,-,$8.2816 hourly,$20.9882 hourly,-,2026-09-23 14:20
G7E Double Extra Large,g7e.2xlarge,"219,398.482",GPU instance,118.0 fps,64 GiB,8 vCPUs,1900 GB NVMe SSD,50 Gigabit,$3.3631 hourly,-,$1.9391 hourly,$3.7311 hourly,-,2026-09-23 14:20
G7E 48xlarge,g7e.48xlarge,"4,097,019.703",GPU instance,122.0 fps,2048 GiB,192 vCPUs,15200 GB (4×3800 GB NVMe SSD),1600 Gigabit,$33.1443 hourly,-,$14.4163 hourly,$41.9763 hourly,-,2026-09-23 14:20
G7E Quadruple Extra Large,g7e.4xlarge,"383,524.43",GPU instance,152.0 fps,128 GiB,16 vCPUs,1900 GB NVMe SSD,50 Gigabit,$3.9982 hourly,-,$2.3473 hourly,$4.7342 hourly,-,2026-09-23 14:20
G7E Eight Extra Large,g7e.8xlarge,"852,916.352",GPU instance,153.0 fps,256 GiB,32 vCPUs,1900 GB NVMe SSD,100 Gigabit,$5.2682 hourly,-,$4.3886 hourly,$6.7402 hourly,-,2026-09-23 14:20
Gr6 Graphics and Machine Learning GPU High RAM ratio Quadruple Extra Large,gr6.4xlarge,"326,914.236",GPU instance,127.0 fps,128 GiB,16 vCPUs,600 GB NVMe SSD,Up to 25 Gigabit,$1.5392 hourly,$1.0020 hourly,$0.7713 hourly,$2.2752 hourly,$1.7380 hourly,2026-09-23 14:20
Gr6 Graphics and Machine Learning GPU High RAM ratio Eight Extra Large,gr6.8xlarge,"644,316.923",GPU instance,134.0 fps,256 GiB,32 vCPUs,900 GB (2×450 GB NVMe SSD),25 Gigabit,$2.4464 hourly,$1.5926 hourly,$1.0210 hourly,$3.9184 hourly,$3.0646 hourly,2026-09-23 14:20
GR6F Quadruple Extra Large,gr6f.4xlarge,"331,434.49",GPU instance,118.0 fps,128 GiB,16 vCPUs,450 GB NVMe SSD,Up to 25 Gigabit,$1.0660 hourly,-,$0.2481 hourly,$1.8020 hourly,-,2026-09-23 14:20
H1 16xlarge Extra Large,h1.16xlarge,"1,104,495.642",Storage optimized,211.0 fps,256 GiB,64 vCPUs,16000 GB (8×2000 GB HDD),25 Gigabit,$3.7440 hourly,$2.5450 hourly,$1.1182 hourly,$6.6880 hourly,$5.4890 hourly,2026-09-23 14:20
H1 Double Extra Large,h1.2xlarge,"119,790.367",Storage optimized,47.0 fps,32 GiB,8 vCPUs,2000 GB HDD,Up to 10 Gigabit,$0.4680 hourly,$0.3180 hourly,$0.1675 hourly,$0.8360 hourly,$0.6860 hourly,2026-09-23 14:20
H1 Quadruple Extra Large,h1.4xlarge,"271,197.932",Storage optimized,103.0 fps,64 GiB,16 vCPUs,4000 GB (2×2000 GB HDD),Up to 10 Gigabit,$0.9360 hourly,$0.6360 hourly,$0.2886 hourly,$1.6720 hourly,$1.3720 hourly,2026-09-23 14:20
H1 Eight Extra Large,h1.8xlarge,"559,538.381",Storage optimized,177.0 fps,128 GiB,32 vCPUs,8000 GB (4×2000 GB HDD),10 Gigabit,$1.8720 hourly,$1.2720 hourly,$0.6299 hourly,$3.3440 hourly,$2.7440 hourly,2026-09-23 14:20
HPC7G 16xlarge Extra Large,hpc7g.16xlarge,"1,576,743.04",Compute optimized,242.0 fps,128 GiB,64 vCPUs,EBS only,200 Gigabit,$1.6832 hourly,$1.3255 hourly,-,-,-,2026-09-23 14:20
HPC7G Quadruple Extra Large,hpc7g.4xlarge,"405,911.08",Compute optimized,134.0 fps,128 GiB,16 vCPUs,EBS only,200 Gigabit,$1.6832 hourly,$1.3255 hourly,-,-,-,2026-09-23 14:20
HPC7G Eight Extra Large,hpc7g.8xlarge,"819,304.871",Compute optimized,214.0 fps,128 GiB,32 vCPUs,EBS only,200 Gigabit,$1.6832 hourly,$1.3255 hourly,-,-,-,2026-09-23 14:20
High Storage Eight Extra Large,hs1.8xlarge,-,Storage optimized,-,117 GiB,16 vCPUs,EBS only,10 Gigabit,-,-,-,-,-,2026-09-23 14:20
I2 Double Extra Large,i2.2xlarge,"127,720.717",Storage optimized,46.0 fps,61 GiB,8 vCPUs,1600 GB (2×800 GB SSD),High,$1.7050 hourly,$0.8480 hourly,$0.2233 hourly,$1.9460 hourly,$1.1310 hourly,2026-09-23 14:20
I2 Quadruple Extra Large,i2.4xlarge,"246,583.787",Storage optimized,87.0 fps,122 GiB,16 vCPUs,3200 GB (4×800 GB SSD),High,$3.4100 hourly,$1.6960 hourly,$0.7443 hourly,$3.8910 hourly,$2.2600 hourly,2026-09-23 14:20
I2 Eight Extra Large,i2.8xlarge,"507,533.703",Storage optimized,138.0 fps,244 GiB,32 vCPUs,6400 GB (8×800 GB SSD),10 Gigabit,$6.8200 hourly,$3.3920 hourly,$1.2833 hourly,$7.7820 hourly,$4.5210 hourly,2026-09-23 14:20
I2 Large,i2.large,-,Storage optimized,-,15 GiB,2 vCPUs,EBS only,Moderate,-,-,-,-,-,2026-09-23 14:20
I2 Extra Large,i2.xlarge,"64,906.089",Storage optimized,24.0 fps,30.5 GiB,4 vCPUs,800 GB SSD,Moderate,$0.8530 hourly,$0.4240 hourly,$0.1095 hourly,$0.9730 hourly,$0.5650 hourly,2026-09-23 14:20
I3 High I/O 16xlarge Extra Large,i3.16xlarge,"853,447.126",Storage optimized,132.0 fps,488 GiB,64 vCPUs,15200 GB (8×1900 GB NVMe SSD),25 Gigabit,$4.9920 hourly,$3.4270 hourly,$1.7012 hourly,$7.9360 hourly,$6.3710 hourly,2026-09-23 14:20
I3 High I/O Double Extra Large,i3.2xlarge,"136,083.351",Storage optimized,54.0 fps,61 GiB,8 vCPUs,1900 GB NVMe SSD,Up to 10 Gigabit,$0.6240 hourly,$0.4280 hourly,$0.3725 hourly,$0.9920 hourly,$0.7960 hourly,2026-09-23 14:20
I3 High I/O Quadruple Extra Large,i3.4xlarge,"208,831.847",Storage optimized,64.0 fps,122 GiB,16 vCPUs,3800 GB (2×1900 GB NVMe SSD),Up to 10 Gigabit,$1.2480 hourly,$0.8570 hourly,$0.5489 hourly,$1.9840 hourly,$1.5930 hourly,2026-09-23 14:20
I3 High I/O Eight Extra Large,i3.8xlarge,"425,305.688",Storage optimized,113.0 fps,244 GiB,32 vCPUs,7600 GB (4×1900 GB NVMe SSD),10 Gigabit,$2.4960 hourly,$1.7140 hourly,$0.9987 hourly,$3.9680 hourly,$3.1860 hourly,2026-09-23 14:20
I3 High I/O Large,i3.large,"30,350.549",Storage optimized,12.0 fps,15.25 GiB,2 vCPUs,475 GB NVMe SSD,Up to 10 Gigabit,$0.1560 hourly,$0.1070 hourly,$0.0385 hourly,$0.2480 hourly,$0.1990 hourly,2026-09-23 14:20
I3 High I/O Metal,i3.metal,-,Storage optimized,-,488 GiB,64 vCPUs,EBS only,20 Gigabit,$4.9920 hourly,-,-,$7.9360 hourly,-,2026-09-23 14:20
I3 High I/O Extra Large,i3.xlarge,"52,721.761",Storage optimized,17.0 fps,30.5 GiB,4 vCPUs,950 GB NVMe SSD,Up to 10 Gigabit,$0.3120 hourly,$0.2140 hourly,$0.1217 hourly,$0.4960 hourly,$0.3980 hourly,2026-09-23 14:20
I3EN 12xlarge Extra Large,i3en.12xlarge,"700,661.736",Storage optimized,156.0 fps,384 GiB,48 vCPUs,30000 GB (4×7500 GB NVMe SSD),50 Gigabit,$5.4240 hourly,$3.6940 hourly,$1.7208 hourly,$7.6320 hourly,$5.9020 hourly,2026-09-23 14:20
I3EN 24xlarge,i3en.24xlarge,"1,364,605.544",Storage optimized,173.0 fps,768 GiB,96 vCPUs,60000 GB (8×7500 GB NVMe SSD),100 Gigabit,$10.8480 hourly,$7.3880 hourly,$2.7381 hourly,$15.2640 hourly,$11.8040 hourly,2026-09-23 14:20
I3EN Double Extra Large,i3en.2xlarge,"127,206.233",Storage optimized,46.0 fps,64 GiB,8 vCPUs,5000 GB (2×2500 GB NVMe SSD),Up to 25 Gigabit,$0.9040 hourly,$0.6160 hourly,$0.2843 hourly,$1.2720 hourly,$0.9840 hourly,2026-09-23 14:20
I3EN 3xlarge,i3en.3xlarge,"184,482.935",Storage optimized,61.0 fps,96 GiB,12 vCPUs,7500 GB NVMe SSD,Up to 25 Gigabit,$1.3560 hourly,$0.9240 hourly,$0.3605 hourly,$1.9080 hourly,$1.4760 hourly,2026-09-23 14:20
I3EN 6xlarge,i3en.6xlarge,"355,625.803",Storage optimized,125.0 fps,192 GiB,24 vCPUs,15000 GB (2×7500 GB NVMe SSD),25 Gigabit,$2.7120 hourly,$1.8470 hourly,$0.9415 hourly,$3.8160 hourly,$2.9510 hourly,2026-09-23 14:20
I3EN Large,i3en.large,"27,121.096",Storage optimized,12.0 fps,16 GiB,2 vCPUs,1250 GB NVMe SSD,Up to 25 Gigabit,$0.2260 hourly,$0.1540 hourly,$0.0472 hourly,$0.3180 hourly,$0.2460 hourly,2026-09-23 14:20
I3EN Metal,i3en.metal,"1,319,950.502",Storage optimized,175.0 fps,768 GiB,96 vCPUs,60000 GB (8×7500 GB NVMe SSD),100 Gigabit,$10.8480 hourly,$7.3880 hourly,$2.0048 hourly,$15.2640 hourly,$11.8040 hourly,2026-09-23 14:20
I3EN Extra Large,i3en.xlarge,"54,859.651",Storage optimized,19.0 fps,32 GiB,4 vCPUs,2500 GB NVMe SSD,Up to 25 Gigabit,$0.4520 hourly,$0.3080 hourly,$0.1192 hourly,$0.6360 hourly,$0.4920 hourly,2026-09-23 14:20
I4G 16xlarge Extra Large,i4g.16xlarge,"1,271,186.441",Storage optimized,176.0 fps,512 GiB,64 vCPUs,15000 GB (4×3750 GB NVMe SSD),37.5 Gigabit,$4.9421 hourly,$3.2071 hourly,$1.2554 hourly,-,-,2026-09-23 14:20
I4G Double Extra Large,i4g.2xlarge,"155,018.731",Storage optimized,50.0 fps,64 GiB,8 vCPUs,1875 GB NVMe SSD,Up to 12 Gigabit,$0.6178 hourly,$0.4009 hourly,$0.1591 hourly,-,-,2026-09-23 14:20
I4G Quadruple Extra Large,i4g.4xlarge,"311,284.047",Storage optimized,94.0 fps,128 GiB,16 vCPUs,3750 GB NVMe SSD,Up to 25 Gigabit,$1.2355 hourly,$0.8018 hourly,$0.3867 hourly,-,-,2026-09-23 14:20
I4G Eight Extra Large,i4g.8xlarge,"642,699.337",Storage optimized,150.0 fps,256 GiB,32 vCPUs,7500 GB (2×3750 GB NVMe SSD),18.75 Gigabit,$2.4710 hourly,$1.6036 hourly,$0.8166 hourly,-,-,2026-09-23 14:20
I4G Large,i4g.large,"37,845.339",Storage optimized,12.0 fps,16 GiB,2 vCPUs,468 GB NVMe SSD,Up to 10 Gigabit,$0.1544 hourly,$0.1002 hourly,$0.0424 hourly,-,-,2026-09-23 14:20
I4G Extra Large,i4g.xlarge,"78,498.07",Storage optimized,26.0 fps,32 GiB,4 vCPUs,937 GB NVMe SSD,Up to 10 Gigabit,$0.3089 hourly,$0.2005 hourly,$0.0827 hourly,-,-,2026-09-23 14:20
I4I 12xlarge Extra Large,i4i.12xlarge,"817,926.216",Storage optimized,219.0 fps,384 GiB,48 vCPUs,11250 GB (3×3750 GB NVMe SSD),28.12 Gigabit,$4.1180 hourly,$2.6720 hourly,$1.1225 hourly,$6.3260 hourly,$4.8800 hourly,2026-09-23 14:20
I4I 16xlarge Extra Large,i4i.16xlarge,"1,102,497.847",Storage optimized,187.0 fps,512 GiB,64 vCPUs,15000 GB (4×3750 GB NVMe SSD),37.5 Gigabit,$5.4910 hourly,$3.5630 hourly,$1.4561 hourly,$8.4350 hourly,$6.5070 hourly,2026-09-23 14:20
I4I 24xlarge,i4i.24xlarge,"1,713,979.646",Storage optimized,237.0 fps,768 GiB,96 vCPUs,22500 GB (6×3750 GB NVMe SSD),56.25 Gigabit,$8.2368 hourly,$5.3449 hourly,$2.0812 hourly,$12.6528 hourly,$9.7609 hourly,2026-09-23 14:20
I4I Double Extra Large,i4i.2xlarge,"138,864.78",Storage optimized,56.0 fps,64 GiB,8 vCPUs,1875 GB NVMe SSD,Up to 12 Gigabit,$0.6860 hourly,$0.4450 hourly,$0.2798 hourly,$1.0540 hourly,$0.8130 hourly,2026-09-23 14:20
I4I 32xlarge,i4i.32xlarge,"2,201,393.069",Storage optimized,221.0 fps,1024 GiB,128 vCPUs,30000 GB (8×3750 GB NVMe SSD),75 Gigabit,$10.9824 hourly,$7.1266 hourly,$2.4995 hourly,$16.8704 hourly,$13.0146 hourly,2026-09-23 14:20
I4I Quadruple Extra Large,i4i.4xlarge,"269,269.606",Storage optimized,99.0 fps,128 GiB,16 vCPUs,3750 GB NVMe SSD,Up to 25 Gigabit,$1.3730 hourly,$0.8910 hourly,$0.6029 hourly,$2.1090 hourly,$1.6270 hourly,2026-09-23 14:20
I4I Eight Extra Large,i4i.8xlarge,"552,605.448",Storage optimized,183.0 fps,256 GiB,32 vCPUs,7500 GB (2×3750 GB NVMe SSD),18.75 Gigabit,$2.7460 hourly,$1.7820 hourly,$1.0555 hourly,$4.2180 hourly,$3.2540 hourly,2026-09-23 14:20
I4I Large,i4i.large,"34,048.349",Storage optimized,14.0 fps,16 GiB,2 vCPUs,468 GB NVMe SSD,Up to 10 Gigabit,$0.1720 hourly,$0.1110 hourly,$0.0378 hourly,$0.2640 hourly,$0.2030 hourly,2026-09-23 14:20
I4I Metal,i4i.metal,"2,356,189.6",Storage optimized,259.0 fps,1024 GiB,128 vCPUs,30000 GB (8×3750 GB NVMe SSD),75 Gigabit,$10.9820 hourly,$7.1270 hourly,$2.2865 hourly,$16.8700 hourly,$13.0150 hourly,2026-09-23 14:20
I4I Extra Large,i4i.xlarge,"66,786.326",Storage optimized,28.0 fps,32 GiB,4 vCPUs,937 GB NVMe SSD,Up to 10 Gigabit,$0.3430 hourly,$0.2230 hourly,$0.1035 hourly,$0.5270 hourly,$0.4070 hourly,2026-09-23 14:20
I7I 12xlarge Extra Large,i7i.12xlarge,"1,053,401.609",Storage optimized,236.0 fps,384 GiB,48 vCPUs,11250 GB (3×3750 GB NVMe SSD),Up to 28 Gigabit,$4.5302 hourly,-,$1.3458 hourly,$6.7382 hourly,-,2026-09-23 14:20
I7I 16xlarge Extra Large,i7i.16xlarge,"1,403,970.604",Storage optimized,243.0 fps,512 GiB,64 vCPUs,15000 GB (4×3750 GB NVMe SSD),Up to 37.5 Gigabit,$6.0403 hourly,-,$1.5496 hourly,$8.9843 hourly,-,2026-09-23 14:20
I7I 24xlarge,i7i.24xlarge,"2,061,412.927",Storage optimized,257.0 fps,768 GiB,96 vCPUs,22500 GB (6×3750 GB NVMe SSD),Up to 56.25 Gigabit,$9.0605 hourly,-,$2.4566 hourly,$13.4765 hourly,-,2026-09-23 14:20
I7I Double Extra Large,i7i.2xlarge,"158,290.463",Storage optimized,62.0 fps,64 GiB,8 vCPUs,1875 GB NVMe SSD,Up to 12 Gigabit,$0.7550 hourly,-,$0.3096 hourly,$1.1230 hourly,-,2026-09-23 14:20
I7I 48xlarge,i7i.48xlarge,"3,889,526.639",Storage optimized,278.0 fps,1536 GiB,192 vCPUs,45000 GB (12×3750 GB NVMe SSD),Up to 100 Gigabit,$18.1210 hourly,-,$5.8564 hourly,$26.9530 hourly,-,2026-09-23 14:20
I7I Quadruple Extra Large,i7i.4xlarge,"365,234.264",Storage optimized,126.0 fps,128 GiB,16 vCPUs,3750 GB NVMe SSD,Up to 25 Gigabit,$1.5101 hourly,-,$0.5902 hourly,$2.2461 hourly,-,2026-09-23 14:20
I7I Eight Extra Large,i7i.8xlarge,"804,255.854",Storage optimized,228.0 fps,256 GiB,32 vCPUs,7500 GB (2×3750 GB NVMe SSD),Up to 25 Gigabit,$3.0202 hourly,-,$1.3292 hourly,$4.4922 hourly,-,2026-09-23 14:20
I7I Large,i7i.large,"48,531.91",Storage optimized,19.0 fps,16 GiB,2 vCPUs,468 GB NVMe SSD,Up to 10 Gigabit,$0.1888 hourly,-,$0.0463 hourly,$0.2808 hourly,-,2026-09-23 14:20
I7I Metal-24xl,i7i.metal-24xl,"2,091,959.032",Storage optimized,270.0 fps,768 GiB,96 vCPUs,22500 GB (6×3750 GB NVMe SSD),Up to 56.25 Gigabit,$9.0605 hourly,-,$1.3250 hourly,$13.4765 hourly,-,2026-09-23 14:20
I7I Metal-48xl,i7i.metal-48xl,"4,142,394.822",Storage optimized,283.0 fps,1536 GiB,192 vCPUs,45000 GB (12×3750 GB NVMe SSD),Up to 100 Gigabit,$18.1210 hourly,-,$4.2877 hourly,$26.9530 hourly,-,2026-09-23 14:20
I7I Extra Large,i7i.xlarge,"99,481.865",Storage optimized,38.0 fps,32 GiB,4 vCPUs,937 GB NVMe SSD,Up to 10 Gigabit,$0.3775 hourly,-,$0.1201 hourly,$0.5615 hourly,-,2026-09-23 14:20
I7IE 12xlarge Extra Large,i7ie.12xlarge,"1,129,456.057",Storage optimized,243.0 fps,384 GiB,48 vCPUs,30000 GB (4×7500 GB NVMe SSD),Up to 50 Gigabit,$6.2376 hourly,-,$1.9163 hourly,$8.4456 hourly,-,2026-09-23 14:20
I7IE 18xlarge,i7ie.18xlarge,"1,694,316.978",Storage optimized,252.0 fps,576 GiB,72 vCPUs,45000 GB (6×7500 GB NVMe SSD),Up to 75 Gigabit,$9.3564 hourly,-,$2.6299 hourly,$12.6684 hourly,-,2026-09-23 14:20
I7IE 24xlarge,i7ie.24xlarge,"2,007,178.451",Storage optimized,262.0 fps,768 GiB,96 vCPUs,60000 GB (8×7500 GB NVMe SSD),Up to 100 Gigabit,$12.4752 hourly,-,$3.2176 hourly,$16.8912 hourly,-,2026-09-23 14:20
I7IE Double Extra Large,i7ie.2xlarge,"199,277.619",Storage optimized,71.0 fps,64 GiB,8 vCPUs,5000 GB (2×2500 GB NVMe SSD),Up to 25 Gigabit,$1.0396 hourly,-,$0.3340 hourly,$1.4076 hourly,-,2026-09-23 14:20
I7IE 3xlarge,i7ie.3xlarge,"270,620.736",Storage optimized,97.0 fps,96 GiB,12 vCPUs,7500 GB NVMe SSD,Up to 25 Gigabit,$1.5594 hourly,-,$0.4160 hourly,$2.1114 hourly,-,2026-09-23 14:20
I7IE 48xlarge,i7ie.48xlarge,"4,036,157.242",Storage optimized,279.0 fps,1536 GiB,192 vCPUs,120000 GB (16×7500 GB NVMe SSD),200 Gigabit,$24.9504 hourly,-,$9.7119 hourly,$33.7824 hourly,-,2026-09-23 14:20
I7IE 6xlarge,i7ie.6xlarge,"646,725.95",Storage optimized,203.0 fps,192 GiB,24 vCPUs,15000 GB (2×7500 GB NVMe SSD),Up to 25 Gigabit,$3.1188 hourly,-,$0.8866 hourly,$4.2228 hourly,-,2026-09-23 14:20
I7IE Large,i7ie.large,"41,528.239",Storage optimized,17.0 fps,16 GiB,2 vCPUs,1250 GB NVMe SSD,Up to 25 Gigabit,$0.2599 hourly,-,$0.0483 hourly,$0.3519 hourly,-,2026-09-23 14:20
I7IE Metal-24xl,i7ie.metal-24xl,"2,124,520.508",Storage optimized,272.0 fps,768 GiB,96 vCPUs,60000 GB (8×7500 GB NVMe SSD),Up to 100 Gigabit,$12.4752 hourly,-,$2.1608 hourly,$16.8912 hourly,-,2026-09-23 14:20
I7IE Metal-48xl,i7ie.metal-48xl,"4,216,536.73",Storage optimized,284.0 fps,1536 GiB,192 vCPUs,120000 GB (16×7500 GB NVMe SSD),200 Gigabit,$24.9504 hourly,-,$5.3970 hourly,$33.7824 hourly,-,2026-09-23 14:20
I7IE Extra Large,i7ie.xlarge,"80,955.272",Storage optimized,33.0 fps,32 GiB,4 vCPUs,2500 GB NVMe SSD,Up to 25 Gigabit,$0.5198 hourly,-,$0.1327 hourly,$0.7038 hourly,-,2026-09-23 14:20
I8G 12xlarge Extra Large,i8g.12xlarge,"1,442,199.354",Storage optimized,293.0 fps,384 GiB,48 vCPUs,11250 GB (3×3750 GB NVMe SSD),Up to 28.12 Gigabit,$4.1184 hourly,-,$1.1837 hourly,-,-,2026-09-23 14:20
I8G 16xlarge Extra Large,i8g.16xlarge,"1,936,166.994",Storage optimized,295.0 fps,512 GiB,64 vCPUs,15000 GB (4×3750 GB NVMe SSD),Up to 37.5 Gigabit,$5.4912 hourly,-,$1.5859 hourly,-,-,2026-09-23 14:20
I8G 24xlarge,i8g.24xlarge,"2,969,378.286",Storage optimized,297.0 fps,768 GiB,96 vCPUs,22500 GB (6×3750 GB NVMe SSD),Up to 56.25 Gigabit,$8.2368 hourly,-,$2.5190 hourly,-,-,2026-09-23 14:20
I8G Double Extra Large,i8g.2xlarge,"247,524.752",Storage optimized,88.0 fps,64 GiB,8 vCPUs,1875 GB NVMe SSD,Up to 12 Gigabit,$0.6864 hourly,-,$0.2057 hourly,-,-,2026-09-23 14:20
I8G 48xlarge,i8g.48xlarge,"5,308,633.442",Storage optimized,276.0 fps,1536 GiB,192 vCPUs,45000 GB (12×3750 GB NVMe SSD),Up to 100 Gigabit,$16.4736 hourly,-,$4.8466 hourly,-,-,2026-09-23 14:20
I8G Quadruple Extra Large,i8g.4xlarge,"458,157.348",Storage optimized,159.0 fps,128 GiB,16 vCPUs,3750 GB NVMe SSD,Up to 25 Gigabit,$1.3728 hourly,-,$0.6913 hourly,-,-,2026-09-23 14:20
I8G Eight Extra Large,i8g.8xlarge,"972,348.83",Storage optimized,257.0 fps,256 GiB,32 vCPUs,7500 GB (2×3750 GB NVMe SSD),Up to 25 Gigabit,$2.7456 hourly,-,$1.2656 hourly,-,-,2026-09-23 14:20
I8G Large,i8g.large,"61,900.34",Storage optimized,22.0 fps,16 GiB,2 vCPUs,468 GB NVMe SSD,Up to 10 Gigabit,$0.1716 hourly,-,$0.0448 hourly,-,-,2026-09-23 14:20
I8G Metal-24xl,i8g.metal-24xl,"3,072,245.78",Storage optimized,300.0 fps,768 GiB,96 vCPUs,22500 GB (6×3750 GB NVMe SSD),Up to 56.25 Gigabit,$8.2368 hourly,-,$2.2197 hourly,-,-,2026-09-23 14:20
I8G Metal-48xl,i8g.metal-48xl,-,Storage optimized,-,1536 GiB,192 vCPUs,45000 GB (12×3750 GB NVMe SSD),Up to 100 Gigabit,$16.4736 hourly,-,$2.2915 hourly,-,-,2026-09-23 14:20
I8G Extra Large,i8g.xlarge,"123,743.233",Storage optimized,45.0 fps,32 GiB,4 vCPUs,937 GB NVMe SSD,Up to 10 Gigabit,$0.3432 hourly,-,$0.1049 hourly,-,-,2026-09-23 14:20
I8GE 12xlarge Extra Large,i8ge.12xlarge,"1,412,491.724",Storage optimized,292.0 fps,384 GiB,48 vCPUs,30000 GB (4×7500 GB NVMe SSD),75 Gigabit,$5.6952 hourly,-,$1.4539 hourly,-,-,2026-09-23 14:20
I8GE 18xlarge,i8ge.18xlarge,"2,161,026.488",Storage optimized,296.0 fps,576 GiB,72 vCPUs,45000 GB (6×7500 GB NVMe SSD),112.5 Gigabit,$8.5428 hourly,-,$2.4204 hourly,-,-,2026-09-23 14:20
I8GE 24xlarge,i8ge.24xlarge,"2,777,175.092",Storage optimized,164.0 fps,768 GiB,96 vCPUs,60000 GB (8×7500 GB NVMe SSD),150 Gigabit,$11.3904 hourly,-,$2.4289 hourly,-,-,2026-09-23 14:20
I8GE Double Extra Large,i8ge.2xlarge,"240,493.011",Storage optimized,87.0 fps,64 GiB,8 vCPUs,5000 GB (2×2500 GB NVMe SSD),Up to 25 Gigabit,$0.9492 hourly,-,$0.2694 hourly,-,-,2026-09-23 14:20
I8GE 3xlarge,i8ge.3xlarge,"374,707.26",Storage optimized,124.0 fps,96 GiB,12 vCPUs,7500 GB NVMe SSD,Up to 25 Gigabit,$1.4238 hourly,-,$0.4158 hourly,-,-,2026-09-23 14:20
I8GE 48xlarge,i8ge.48xlarge,"5,487,282.081",Storage optimized,277.0 fps,1536 GiB,192 vCPUs,120000 GB (16×7500 GB NVMe SSD),300 Gigabit,$22.7808 hourly,-,$6.3953 hourly,-,-,2026-09-23 14:20
I8GE 6xlarge,i8ge.6xlarge,"726,117.54",Storage optimized,214.0 fps,192 GiB,24 vCPUs,15000 GB (2×7500 GB NVMe SSD),37.5 Gigabit,$2.8476 hourly,-,$0.7627 hourly,-,-,2026-09-23 14:20
I8GE Large,i8ge.large,"59,263.649",Storage optimized,22.0 fps,16 GiB,2 vCPUs,1250 GB NVMe SSD,Up to 25 Gigabit,$0.2373 hourly,-,$0.0685 hourly,-,-,2026-09-23 14:20
I8GE Metal-24xl,i8ge.metal-24xl,"3,284,577.88",Storage optimized,296.0 fps,768 GiB,96 vCPUs,60000 GB (8×7500 GB NVMe SSD),150 Gigabit,$11.3904 hourly,-,$1.1390 hourly,-,-,2026-09-23 14:20
I8GE Metal-48xl,i8ge.metal-48xl,"5,578,152.237",Storage optimized,164.0 fps,1536 GiB,192 vCPUs,120000 GB (16×7500 GB NVMe SSD),300 Gigabit,$22.7808 hourly,-,$2.6793 hourly,-,-,2026-09-23 14:20
I8GE Extra Large,i8ge.xlarge,"123,105.332",Storage optimized,44.0 fps,32 GiB,4 vCPUs,2500 GB NVMe SSD,Up to 25 Gigabit,$0.4746 hourly,-,$0.1371 hourly,-,-,2026-09-23 14:20
IM4GN 16xlarge Extra Large,im4gn.16xlarge,"1,252,527.888",Storage optimized,176.0 fps,256 GiB,64 vCPUs,30000 GB (4×7500 GB NVMe SSD),100 Gigabit,$5.8207 hourly,$3.7330 hourly,$1.2870 hourly,-,-,2026-09-23 14:20
IM4GN Double Extra Large,im4gn.2xlarge,"161,605.279",Storage optimized,51.0 fps,32 GiB,8 vCPUs,3750 GB NVMe SSD,Up to 25 Gigabit,$0.7276 hourly,$0.4666 hourly,$0.1917 hourly,-,-,2026-09-23 14:20
IM4GN Quadruple Extra Large,im4gn.4xlarge,"318,196.884",Storage optimized,92.0 fps,64 GiB,16 vCPUs,7500 GB NVMe SSD,25 Gigabit,$1.4552 hourly,$0.9332 hourly,$0.3881 hourly,-,-,2026-09-23 14:20
IM4GN Eight Extra Large,im4gn.8xlarge,"615,384.615",Storage optimized,151.0 fps,128 GiB,32 vCPUs,15000 GB (2×7500 GB NVMe SSD),50 Gigabit,$2.9103 hourly,$1.8665 hourly,$1.5152 hourly,-,-,2026-09-23 14:20
IM4GN Large,im4gn.large,"38,689.709",Storage optimized,12.0 fps,8 GiB,2 vCPUs,937 GB NVMe SSD,Up to 25 Gigabit,$0.1819 hourly,$0.1167 hourly,$0.0466 hourly,-,-,2026-09-23 14:20
IM4GN Extra Large,im4gn.xlarge,"77,120.823",Storage optimized,26.0 fps,16 GiB,4 vCPUs,1875 GB NVMe SSD,Up to 25 Gigabit,$0.3638 hourly,$0.2333 hourly,$0.1026 hourly,-,-,2026-09-23 14:20
INF1 24xlarge,inf1.24xlarge,"1,539,880.499",Machine Learning ASIC Instances,194.0 fps,192 GiB,96 vCPUs,EBS only,100 Gigabit,$4.7210 hourly,$2.9740 hourly,$0.8316 hourly,-,-,2026-09-23 14:20
INF1 Double Extra Large,inf1.2xlarge,"131,627.658",Machine Learning ASIC Instances,47.0 fps,16 GiB,8 vCPUs,EBS only,Up to 25 Gigabit,$0.3620 hourly,$0.2280 hourly,$0.0969 hourly,-,-,2026-09-23 14:20
INF1 6xlarge,inf1.6xlarge,"382,637.809",Machine Learning ASIC Instances,137.0 fps,48 GiB,24 vCPUs,EBS only,25 Gigabit,$1.1800 hourly,$0.7440 hourly,$0.2200 hourly,-,-,2026-09-23 14:20
INF1 Extra Large,inf1.xlarge,"65,773.247",Machine Learning ASIC Instances,26.0 fps,8 GiB,4 vCPUs,EBS only,Up to 25 Gigabit,$0.2280 hourly,$0.1440 hourly,$0.0478 hourly,-,-,2026-09-23 14:20
INF2 24xlarge,inf2.24xlarge,"1,914,734.48",Machine Learning ASIC Instances,249.0 fps,384 GiB,96 vCPUs,EBS only,50 Gigabit,$6.4906 hourly,$4.0891 hourly,$0.9575 hourly,-,-,2026-09-23 14:20
INF2 48xlarge,inf2.48xlarge,-,Machine Learning ASIC Instances,-,768 GiB,192 vCPUs,EBS only,100 Gigabit,$12.9813 hourly,$8.1782 hourly,$2.6531 hourly,-,-,2026-09-23 14:20
INF2 Eight Extra Large,inf2.8xlarge,"692,340.978",Machine Learning ASIC Instances,198.0 fps,128 GiB,32 vCPUs,EBS only,Up to 25 Gigabit,$1.9679 hourly,$1.2398 hourly,$0.4801 hourly,-,-,2026-09-23 14:20
INF2 Extra Large,inf2.xlarge,"79,657.473",Machine Learning ASIC Instances,34.0 fps,16 GiB,4 vCPUs,EBS only,Up to 15 Gigabit,$0.7582 hourly,$0.4777 hourly,$0.1718 hourly,-,-,2026-09-23 14:20
IS4GEN Double Extra Large,is4gen.2xlarge,"158,113.183",Storage optimized,51.0 fps,48 GiB,8 vCPUs,7500 GB NVMe SSD,Up to 25 Gigabit,$1.1526 hourly,$0.7861 hourly,$0.2719 hourly,-,-,2026-09-23 14:20
IS4GEN Quadruple Extra Large,is4gen.4xlarge,"312,723.956",Storage optimized,94.0 fps,96 GiB,16 vCPUs,15000 GB (2×7500 GB NVMe SSD),25 Gigabit,$2.3052 hourly,$1.5722 hourly,$0.5958 hourly,-,-,2026-09-23 14:20
IS4GEN Eight Extra Large,is4gen.8xlarge,"633,454.306",Storage optimized,149.0 fps,192 GiB,32 vCPUs,30000 GB (4×7500 GB NVMe SSD),50 Gigabit,$4.6104 hourly,$3.1445 hourly,$0.8478 hourly,-,-,2026-09-23 14:20
IS4GEN Large,is4gen.large,"39,510.075",Storage optimized,13.0 fps,12 GiB,2 vCPUs,1875 GB NVMe SSD,Up to 25 Gigabit,$0.2882 hourly,$0.1965 hourly,$0.1090 hourly,-,-,2026-09-23 14:20
IS4GEN Medium,is4gen.medium,"19,781.089",Storage optimized,6.9 fps,6 GiB,1 vCPUs,937 GB NVMe SSD,Up to 25 Gigabit,$0.1441 hourly,$0.0983 hourly,$0.0164 hourly,-,-,2026-09-23 14:20
IS4GEN Extra Large,is4gen.xlarge,"79,207.921",Storage optimized,26.0 fps,24 GiB,4 vCPUs,3750 GB NVMe SSD,Up to 25 Gigabit,$0.5763 hourly,$0.3931 hourly,$0.1642 hourly,-,-,2026-09-23 14:20
M1 General Purpose Large,m1.large,"24,570.025",General purpose,8.9 fps,7.5 GiB,2 vCPUs,840 GB (2×420 GB HDD),Moderate,$0.1750 hourly,$0.1120 hourly,$0.0347 hourly,$0.2990 hourly,$0.2320 hourly,2026-09-23 14:20
M1 General Purpose Medium,m1.medium,"16,889.039",General purpose,-,3.75 GiB,1 vCPUs,410 GB HDD,Moderate,$0.0870 hourly,$0.0560 hourly,$0.0173 hourly,$0.1490 hourly,$0.1150 hourly,2026-09-23 14:20
M1 General Purpose Small,m1.small,"16,880.486",General purpose,-,1.7 GiB,1 vCPUs,160 GB HDD,Low,$0.0440 hourly,$0.0280 hourly,$0.0071 hourly,$0.0750 hourly,$0.0570 hourly,2026-09-23 14:20
M1 General Purpose Extra Large,m1.xlarge,"48,649.964",General purpose,17.0 fps,15 GiB,4 vCPUs,1680 GB (4×420 GB HDD),High,$0.3500 hourly,$0.2240 hourly,$0.0949 hourly,$0.5980 hourly,$0.4650 hourly,2026-09-23 14:20
M2 High Memory Double Extra Large,m2.2xlarge,"58,757.283",Memory optimized,20.0 fps,34.2 GiB,4 vCPUs,850 GB HDD,Moderate,$0.4900 hourly,$0.2220 hourly,$0.1348 hourly,$0.6900 hourly,$0.4960 hourly,2026-09-23 14:20
M2 High Memory Quadruple Extra Large,m2.4xlarge,"111,322.418",Memory optimized,38.0 fps,68.4 GiB,8 vCPUs,1680 GB (2×840 GB HDD),High,$0.9800 hourly,$0.4440 hourly,$0.2548 hourly,$1.3800 hourly,$0.9910 hourly,2026-09-23 14:20
M2 High Memory Extra Large,m2.xlarge,"28,403.711",Memory optimized,10.0 fps,17.1 GiB,2 vCPUs,420 GB HDD,Moderate,$0.2450 hourly,$0.1110 hourly,$0.0649 hourly,$0.3450 hourly,$0.2490 hourly,2026-09-23 14:20
M3 General Purpose Double Extra Large,m3.2xlarge,"116,759.912",General purpose,42.0 fps,30 GiB,8 vCPUs,160 GB (2×80 GB SSD),High,$0.5320 hourly,$0.3800 hourly,$0.1757 hourly,$1.0360 hourly,$0.7930 hourly,2026-09-23 14:20
M3 General Purpose Large,m3.large,"29,279.719",General purpose,11.0 fps,7.5 GiB,2 vCPUs,32 GB SSD,Moderate,$0.1330 hourly,$0.0950 hourly,$0.0416 hourly,$0.2590 hourly,$0.1990 hourly,2026-09-23 14:20
M3 General Purpose Medium,m3.medium,"22,900.763",General purpose,-,3.75 GiB,1 vCPUs,4 GB SSD,Moderate,$0.0670 hourly,$0.0480 hourly,$0.0176 hourly,$0.1300 hourly,$0.1000 hourly,2026-09-23 14:20
M3 General Purpose Extra Large,m3.xlarge,"58,576.589",General purpose,21.0 fps,15 GiB,4 vCPUs,80 GB (2×40 GB SSD),High,$0.2660 hourly,$0.1900 hourly,$0.0874 hourly,$0.5180 hourly,$0.3970 hourly,2026-09-23 14:20
M4 General Purpose Deca Extra Large,m4.10xlarge,"574,547.544",General purpose,145.0 fps,160 GiB,40 vCPUs,EBS only,10 Gigabit,$2.0000 hourly,$1.2390 hourly,$0.5846 hourly,$3.8400 hourly,$3.0790 hourly,2026-09-23 14:20
M4 General Purpose 16xlarge Extra Large,m4.16xlarge,"1,116,343.973",General purpose,210.0 fps,256 GiB,64 vCPUs,EBS only,25 Gigabit,$3.2000 hourly,$1.9824 hourly,$0.5699 hourly,$6.1440 hourly,$4.9264 hourly,2026-09-23 14:20
M4 General Purpose Double Extra Large,m4.2xlarge,"105,364.826",General purpose,34.0 fps,32 GiB,8 vCPUs,EBS only,High,$0.4000 hourly,$0.2478 hourly,$0.1717 hourly,$0.7680 hourly,$0.6158 hourly,2026-09-23 14:20
M4 General Purpose Quadruple Extra Large,m4.4xlarge,"251,243.13",General purpose,86.0 fps,64 GiB,16 vCPUs,EBS only,High,$0.8000 hourly,$0.4956 hourly,$0.2244 hourly,$1.5360 hourly,$1.2316 hourly,2026-09-23 14:20
M4 General Purpose Large,m4.large,"26,848.04",General purpose,9.7 fps,8 GiB,2 vCPUs,EBS only,Moderate,$0.1000 hourly,$0.0620 hourly,$0.0409 hourly,$0.1920 hourly,$0.1540 hourly,2026-09-23 14:20
M4 General Purpose Extra Large,m4.xlarge,"58,499.488",General purpose,24.0 fps,16 GiB,4 vCPUs,EBS only,High,$0.2000 hourly,$0.1239 hourly,$0.0612 hourly,$0.3840 hourly,$0.3079 hourly,2026-09-23 14:20
M5 General Purpose 12xlarge Extra Large,m5.12xlarge,"680,239.974",General purpose,157.0 fps,192 GiB,48 vCPUs,EBS only,12 Gigabit,$2.3040 hourly,$1.4520 hourly,$0.6040 hourly,$4.5120 hourly,$3.6600 hourly,2026-09-23 14:20
M5 General Purpose 16xlarge Extra Large,m5.16xlarge,"936,265.665",General purpose,161.0 fps,256 GiB,64 vCPUs,EBS only,20 Gigabit,$3.0720 hourly,$1.9350 hourly,$0.7813 hourly,$6.0160 hourly,$4.8790 hourly,2026-09-23 14:20
M5 General Purpose 24xlarge,m5.24xlarge,"1,374,718.075",General purpose,172.0 fps,384 GiB,96 vCPUs,EBS only,25 Gigabit,$4.6080 hourly,$2.9030 hourly,$0.9983 hourly,$9.0240 hourly,$7.3190 hourly,2026-09-23 14:20
M5 General Purpose Double Extra Large,m5.2xlarge,"115,790.997",General purpose,40.0 fps,32 GiB,8 vCPUs,EBS only,Up to 10 Gigabit,$0.3840 hourly,$0.2420 hourly,$0.1566 hourly,$0.7520 hourly,$0.6100 hourly,2026-09-23 14:20
M5 General Purpose Quadruple Extra Large,m5.4xlarge,"235,271.052",General purpose,78.0 fps,64 GiB,16 vCPUs,EBS only,Up to 10 Gigabit,$0.7680 hourly,$0.4840 hourly,$0.2634 hourly,$1.5040 hourly,$1.2200 hourly,2026-09-23 14:20
M5 General Purpose Eight Extra Large,m5.8xlarge,"442,865.71",General purpose,134.0 fps,128 GiB,32 vCPUs,EBS only,10 Gigabit,$1.5360 hourly,$0.9680 hourly,$0.4131 hourly,$3.0080 hourly,$2.4400 hourly,2026-09-23 14:20
M5 General Purpose Large,m5.large,"28,469.751",General purpose,12.0 fps,8 GiB,2 vCPUs,EBS only,Up to 10 Gigabit,$0.0960 hourly,$0.0600 hourly,$0.0399 hourly,$0.1880 hourly,$0.1520 hourly,2026-09-23 14:20
M5 General Purpose Metal,m5.metal,"1,318,409.668",General purpose,180.0 fps,384 GiB,96 vCPUs,EBS only,25 Gigabit,$4.6080 hourly,$2.9030 hourly,$1.1666 hourly,$9.0240 hourly,$7.3190 hourly,2026-09-23 14:20
M5 General Purpose Extra Large,m5.xlarge,"59,119.125",General purpose,20.0 fps,16 GiB,4 vCPUs,EBS only,Up to 10 Gigabit,$0.1920 hourly,$0.1210 hourly,$0.0566 hourly,$0.3760 hourly,$0.3050 hourly,2026-09-23 14:20
M5A 12xlarge Extra Large,m5a.12xlarge,"630,749.014",General purpose,117.0 fps,192 GiB,48 vCPUs,EBS only,10 Gigabit,$2.0640 hourly,$1.3000 hourly,$0.6404 hourly,$4.2720 hourly,$3.5080 hourly,2026-09-23 14:20
M5A 16xlarge Extra Large,m5a.16xlarge,"810,673.873",General purpose,110.0 fps,256 GiB,64 vCPUs,EBS only,12 Gigabit,$2.7520 hourly,$1.7340 hourly,$0.8447 hourly,$5.6960 hourly,$4.6780 hourly,2026-09-23 14:20
M5A 24xlarge,m5a.24xlarge,"1,205,575.788",General purpose,114.0 fps,384 GiB,96 vCPUs,EBS only,20 Gigabit,$4.1280 hourly,$2.6010 hourly,$1.0510 hourly,$8.5440 hourly,$7.0170 hourly,2026-09-23 14:20
M5A Double Extra Large,m5a.2xlarge,"101,265.823",General purpose,37.0 fps,32 GiB,8 vCPUs,EBS only,Up to 10 Gigabit,$0.3440 hourly,$0.2170 hourly,$0.1285 hourly,$0.7120 hourly,$0.5850 hourly,2026-09-23 14:20
M5A Quadruple Extra Large,m5a.4xlarge,"206,825.233",General purpose,68.0 fps,64 GiB,16 vCPUs,EBS only,Up to 10 Gigabit,$0.6880 hourly,$0.4330 hourly,$0.2752 hourly,$1.4240 hourly,$1.1690 hourly,2026-09-23 14:20
M5A Eight Extra Large,m5a.8xlarge,"419,369.635",General purpose,99.0 fps,128 GiB,32 vCPUs,EBS only,Up to 10 Gigabit,$1.3760 hourly,$0.8670 hourly,$0.5477 hourly,$2.8480 hourly,$2.3390 hourly,2026-09-23 14:20
M5A Large,m5a.large,"26,516.407",General purpose,9.6 fps,8 GiB,2 vCPUs,EBS only,Up to 10 Gigabit,$0.0860 hourly,$0.0540 hourly,$0.0356 hourly,$0.1780 hourly,$0.1460 hourly,2026-09-23 14:20
M5A Extra Large,m5a.xlarge,"52,823.876",General purpose,19.0 fps,16 GiB,4 vCPUs,EBS only,Up to 10 Gigabit,$0.1720 hourly,$0.1080 hourly,$0.0759 hourly,$0.3560 hourly,$0.2920 hourly,2026-09-23 14:20
M5AD 12xlarge Extra Large,m5ad.12xlarge,"620,101.628",General purpose,113.0 fps,192 GiB,48 vCPUs,1800 GB (2×900 GB NVMe SSD),10 Gigabit,$2.4720 hourly,$1.5570 hourly,$0.9094 hourly,$4.6800 hourly,$3.7650 hourly,2026-09-23 14:20
M5AD 16xlarge Extra Large,m5ad.16xlarge,"818,518.992",General purpose,113.0 fps,256 GiB,64 vCPUs,2400 GB (4×600 GB NVMe SSD),12 Gigabit,$3.2960 hourly,$2.0760 hourly,$0.4087 hourly,$6.2400 hourly,$5.0200 hourly,2026-09-23 14:20
M5AD 24xlarge,m5ad.24xlarge,"1,248,699.272",General purpose,97.0 fps,384 GiB,96 vCPUs,3600 GB (4×900 GB NVMe SSD),20 Gigabit,$4.9440 hourly,$3.1150 hourly,$1.3376 hourly,$9.3600 hourly,$7.5310 hourly,2026-09-23 14:20
M5AD Double Extra Large,m5ad.2xlarge,"104,302.477",General purpose,37.0 fps,32 GiB,8 vCPUs,300 GB NVMe SSD,Up to 10 Gigabit,$0.4120 hourly,$0.2600 hourly,$0.2180 hourly,$0.7800 hourly,$0.6280 hourly,2026-09-23 14:20
M5AD Quadruple Extra Large,m5ad.4xlarge,"202,429.15",General purpose,67.0 fps,64 GiB,16 vCPUs,600 GB (2×300 GB NVMe SSD),Up to 10 Gigabit,$0.8240 hourly,$0.5190 hourly,$0.4236 hourly,$1.5600 hourly,$1.2550 hourly,2026-09-23 14:20
M5AD Eight Extra Large,m5ad.8xlarge,"386,551.238",General purpose,101.0 fps,128 GiB,32 vCPUs,1200 GB (2×600 GB NVMe SSD),Up to 10 Gigabit,$1.6480 hourly,$1.0380 hourly,$0.6271 hourly,$3.1200 hourly,$2.5100 hourly,2026-09-23 14:20
M5AD Large,m5ad.large,"25,994.281",General purpose,9.7 fps,8 GiB,2 vCPUs,75 GB NVMe SSD,Up to 10 Gigabit,$0.1030 hourly,$0.0650 hourly,$0.0426 hourly,$0.1950 hourly,$0.1570 hourly,2026-09-23 14:20
M5AD Extra Large,m5ad.xlarge,"52,335.47",General purpose,19.0 fps,16 GiB,4 vCPUs,150 GB NVMe SSD,Up to 10 Gigabit,$0.2060 hourly,$0.1300 hourly,$0.0823 hourly,$0.3900 hourly,$0.3140 hourly,2026-09-23 14:20
M5 General Purpose 12xlarge Extra Large,m5d.12xlarge,"686,237.133",General purpose,157.0 fps,192 GiB,48 vCPUs,1800 GB (2×900 GB NVMe SSD),12 Gigabit,$2.7120 hourly,$1.7090 hourly,$0.7083 hourly,$4.9200 hourly,$3.9170 hourly,2026-09-23 14:20
M5 General Purpose 16xlarge Extra Large,m5d.16xlarge,"915,070.06",General purpose,162.0 fps,256 GiB,64 vCPUs,2400 GB (4×600 GB NVMe SSD),20 Gigabit,$3.6160 hourly,$2.2780 hourly,$1.1988 hourly,$6.5600 hourly,$5.2220 hourly,2026-09-23 14:20
M5 General Purpose 24xlarge,m5d.24xlarge,"1,386,431.744",General purpose,173.0 fps,384 GiB,96 vCPUs,3600 GB (4×900 GB NVMe SSD),25 Gigabit,$5.4240 hourly,$3.4170 hourly,$1.6937 hourly,$9.8400 hourly,$7.8330 hourly,2026-09-23 14:20
M5 General Purpose Double Extra Large,m5d.2xlarge,"112,813.763",General purpose,40.0 fps,32 GiB,8 vCPUs,300 GB NVMe SSD,Up to 10 Gigabit,$0.4520 hourly,$0.2850 hourly,$0.2670 hourly,$0.8200 hourly,$0.6530 hourly,2026-09-23 14:20
M5 General Purpose Quadruple Extra Large,m5d.4xlarge,"216,645.604",General purpose,77.0 fps,64 GiB,16 vCPUs,600 GB (2×300 GB NVMe SSD),Up to 10 Gigabit,$0.9040 hourly,$0.5700 hourly,$0.3445 hourly,$1.6400 hourly,$1.3060 hourly,2026-09-23 14:20
M5 General Purpose Eight Extra Large,m5d.8xlarge,"462,940.638",General purpose,146.0 fps,128 GiB,32 vCPUs,1200 GB (2×600 GB NVMe SSD),10 Gigabit,$1.8080 hourly,$1.1390 hourly,$0.6046 hourly,$3.2800 hourly,$2.6110 hourly,2026-09-23 14:20
M5 General Purpose Large,m5d.large,"28,933.79",General purpose,10.0 fps,8 GiB,2 vCPUs,75 GB NVMe SSD,Up to 10 Gigabit,$0.1130 hourly,$0.0710 hourly,$0.0462 hourly,$0.2050 hourly,$0.1630 hourly,2026-09-23 14:20
M5 General Purpose Metal,m5d.metal,"1,359,869.679",General purpose,173.0 fps,384 GiB,96 vCPUs,3600 GB (4×900 GB NVMe SSD),25 Gigabit,$5.4240 hourly,$3.4170 hourly,$1.3781 hourly,$9.8400 hourly,$7.8330 hourly,2026-09-23 14:20
M5 General Purpose Extra Large,m5d.xlarge,"59,020.264",General purpose,20.0 fps,16 GiB,4 vCPUs,150 GB NVMe SSD,Up to 10 Gigabit,$0.2260 hourly,$0.1420 hourly,$0.1035 hourly,$0.4100 hourly,$0.3260 hourly,2026-09-23 14:20
M5DN 12xlarge Extra Large,m5dn.12xlarge,-,General purpose,-,192 GiB,48 vCPUs,1800 GB (2×900 GB NVMe SSD),50 Gigabit,$3.2640 hourly,$2.0560 hourly,$0.9327 hourly,$5.4720 hourly,$4.2640 hourly,2026-09-23 14:20
M5DN 16xlarge Extra Large,m5dn.16xlarge,-,General purpose,-,256 GiB,64 vCPUs,2400 GB (4×600 GB NVMe SSD),75 Gigabit,$4.3520 hourly,$2.7420 hourly,$1.4419 hourly,$7.2960 hourly,$5.6860 hourly,2026-09-23 14:20
M5DN 24xlarge,m5dn.24xlarge,-,General purpose,-,384 GiB,96 vCPUs,3600 GB (4×900 GB NVMe SSD),100 Gigabit,$6.5280 hourly,$4.1130 hourly,$2.0465 hourly,$10.9440 hourly,$8.5290 hourly,2026-09-23 14:20
M5DN Double Extra Large,m5dn.2xlarge,-,General purpose,-,32 GiB,8 vCPUs,300 GB NVMe SSD,Up to 25 Gigabit,$0.5440 hourly,$0.3430 hourly,$0.3068 hourly,$0.9120 hourly,$0.7110 hourly,2026-09-23 14:20
M5DN Quadruple Extra Large,m5dn.4xlarge,-,General purpose,-,64 GiB,16 vCPUs,600 GB (2×300 GB NVMe SSD),Up to 25 Gigabit,$1.0880 hourly,$0.6850 hourly,$0.4962 hourly,$1.8240 hourly,$1.4210 hourly,2026-09-23 14:20
M5DN Eight Extra Large,m5dn.8xlarge,-,General purpose,-,128 GiB,32 vCPUs,1200 GB (2×600 GB NVMe SSD),25 Gigabit,$2.1760 hourly,$1.3710 hourly,$0.9050 hourly,$3.6480 hourly,$2.8430 hourly,2026-09-23 14:20
M5DN Large,m5dn.large,-,General purpose,-,8 GiB,2 vCPUs,75 GB NVMe SSD,Up to 25 Gigabit,$0.1360 hourly,$0.0860 hourly,$0.0459 hourly,$0.2280 hourly,$0.1780 hourly,2026-09-23 14:20
M5DN Metal,m5dn.metal,-,General purpose,-,384 GiB,96 vCPUs,3600 GB (4×900 GB NVMe SSD),100 Gigabit,$6.5280 hourly,$4.1130 hourly,$1.7014 hourly,$10.9440 hourly,$8.5290 hourly,2026-09-23 14:20
M5DN Extra Large,m5dn.xlarge,-,General purpose,-,16 GiB,4 vCPUs,150 GB NVMe SSD,Up to 25 Gigabit,$0.2720 hourly,$0.1710 hourly,$0.1429 hourly,$0.4560 hourly,$0.3550 hourly,2026-09-23 14:20
M5N 12xlarge Extra Large,m5n.12xlarge,-,General purpose,-,192 GiB,48 vCPUs,EBS only,50 Gigabit,$2.8560 hourly,$1.7990 hourly,$0.9874 hourly,$5.0640 hourly,$4.0070 hourly,2026-09-23 14:20
M5N 16xlarge Extra Large,m5n.16xlarge,-,General purpose,-,256 GiB,64 vCPUs,EBS only,75 Gigabit,$3.8080 hourly,$2.3990 hourly,$1.4564 hourly,$6.7520 hourly,$5.3430 hourly,2026-09-23 14:20
M5N 24xlarge,m5n.24xlarge,-,General purpose,-,384 GiB,96 vCPUs,EBS only,100 Gigabit,$5.7120 hourly,$3.5990 hourly,$1.6067 hourly,$10.1280 hourly,$8.0150 hourly,2026-09-23 14:20
M5N Double Extra Large,m5n.2xlarge,-,General purpose,-,32 GiB,8 vCPUs,EBS only,Up to 25 Gigabit,$0.4760 hourly,$0.3000 hourly,$0.1954 hourly,$0.8440 hourly,$0.6680 hourly,2026-09-23 14:20
M5N Quadruple Extra Large,m5n.4xlarge,-,General purpose,-,64 GiB,16 vCPUs,EBS only,Up to 25 Gigabit,$0.9520 hourly,$0.6000 hourly,$0.2977 hourly,$1.6880 hourly,$1.3360 hourly,2026-09-23 14:20
M5N Eight Extra Large,m5n.8xlarge,-,General purpose,-,128 GiB,32 vCPUs,EBS only,25 Gigabit,$1.9040 hourly,$1.2000 hourly,$1.0430 hourly,$3.3760 hourly,$2.6720 hourly,2026-09-23 14:20
M5N Large,m5n.large,-,General purpose,-,8 GiB,2 vCPUs,EBS only,Up to 25 Gigabit,$0.1190 hourly,$0.0750 hourly,$0.0454 hourly,$0.2110 hourly,$0.1670 hourly,2026-09-23 14:20
M5N Metal,m5n.metal,-,General purpose,-,384 GiB,96 vCPUs,EBS only,100 Gigabit,$5.7120 hourly,$3.5990 hourly,$1.4372 hourly,$10.1280 hourly,$8.0150 hourly,2026-09-23 14:20
M5N Extra Large,m5n.xlarge,-,General purpose,-,16 GiB,4 vCPUs,EBS only,Up to 25 Gigabit,$0.2380 hourly,$0.1500 hourly,$0.0777 hourly,$0.4220 hourly,$0.3340 hourly,2026-09-23 14:20
M5ZN 12xlarge Extra Large,m5zn.12xlarge,"932,355.655",General purpose,200.0 fps,192 GiB,48 vCPUs,EBS only,100 Gigabit,$3.9641 hourly,$2.4974 hourly,$1.5137 hourly,$6.1721 hourly,$4.7054 hourly,2026-09-23 14:20
M5ZN Double Extra Large,m5zn.2xlarge,"163,926.028",General purpose,53.0 fps,32 GiB,8 vCPUs,EBS only,Up to 25 Gigabit,$0.6607 hourly,$0.4162 hourly,$0.2395 hourly,$1.0287 hourly,$0.7842 hourly,2026-09-23 14:20
M5ZN 3xlarge,m5zn.3xlarge,"252,711.383",General purpose,78.0 fps,48 GiB,12 vCPUs,EBS only,Up to 25 Gigabit,$0.9910 hourly,$0.6243 hourly,$0.3886 hourly,$1.5430 hourly,$1.1763 hourly,2026-09-23 14:20
M5ZN 6xlarge,m5zn.6xlarge,"500,913.123",General purpose,145.0 fps,96 GiB,24 vCPUs,EBS only,50 Gigabit,$1.9820 hourly,$1.2487 hourly,$0.7021 hourly,$3.0860 hourly,$2.3527 hourly,2026-09-23 14:20
M5ZN Large,m5zn.large,"39,037.72",General purpose,14.0 fps,8 GiB,2 vCPUs,EBS only,Up to 25 Gigabit,$0.1652 hourly,$0.1041 hourly,$0.0427 hourly,$0.2572 hourly,$0.1961 hourly,2026-09-23 14:20
M5ZN Metal,m5zn.metal,"1,015,228.426",General purpose,132.0 fps,192 GiB,48 vCPUs,EBS only,100 Gigabit,$3.9641 hourly,$2.4974 hourly,$1.0825 hourly,$6.1721 hourly,$4.7054 hourly,2026-09-23 14:20
M5ZN Extra Large,m5zn.xlarge,"82,402.019",General purpose,28.0 fps,16 GiB,4 vCPUs,EBS only,Up to 25 Gigabit,$0.3303 hourly,$0.2081 hourly,$0.1291 hourly,$0.5143 hourly,$0.3921 hourly,2026-09-23 14:20
M6A 12xlarge Extra Large,m6a.12xlarge,"1,009,410.651",General purpose,211.0 fps,192 GiB,48 vCPUs,EBS only,18.75 Gigabit,$2.0736 hourly,$1.3717 hourly,$0.6947 hourly,$4.2816 hourly,$3.5797 hourly,2026-09-23 14:20
M6A 16xlarge Extra Large,m6a.16xlarge,"1,416,948.027",General purpose,227.0 fps,256 GiB,64 vCPUs,EBS only,25 Gigabit,$2.7648 hourly,$1.8289 hourly,$0.9110 hourly,$5.7088 hourly,$4.7729 hourly,2026-09-23 14:20
M6A 24xlarge,m6a.24xlarge,"1,807,143.866",General purpose,240.0 fps,384 GiB,96 vCPUs,EBS only,37.5 Gigabit,$4.1472 hourly,$2.7434 hourly,$1.2560 hourly,$8.5632 hourly,$7.1594 hourly,2026-09-23 14:20
M6A Double Extra Large,m6a.2xlarge,"169,106.378",General purpose,66.0 fps,32 GiB,8 vCPUs,EBS only,Up to 12.5 Gigabit,$0.3456 hourly,$0.2286 hourly,$0.1563 hourly,$0.7136 hourly,$0.5966 hourly,2026-09-23 14:20
M6A 32xlarge,m6a.32xlarge,"2,624,429.75",General purpose,228.0 fps,512 GiB,128 vCPUs,EBS only,50 Gigabit,$5.5296 hourly,$3.6578 hourly,$1.9085 hourly,$11.4176 hourly,$9.5458 hourly,2026-09-23 14:20
M6A 48xlarge,m6a.48xlarge,"3,589,455.973",General purpose,248.0 fps,768 GiB,192 vCPUs,EBS only,50 Gigabit,$8.2944 hourly,$5.4868 hourly,$2.7142 hourly,$17.1264 hourly,$14.3188 hourly,2026-09-23 14:20
M6A Quadruple Extra Large,m6a.4xlarge,"333,385.425",General purpose,121.0 fps,64 GiB,16 vCPUs,EBS only,Up to 12.5 Gigabit,$0.6912 hourly,$0.4572 hourly,$0.2822 hourly,$1.4272 hourly,$1.1932 hourly,2026-09-23 14:20
M6A Eight Extra Large,m6a.8xlarge,"648,725.356",General purpose,195.0 fps,128 GiB,32 vCPUs,EBS only,12.5 Gigabit,$1.3824 hourly,$0.9145 hourly,$0.5513 hourly,$2.8544 hourly,$2.3865 hourly,2026-09-23 14:20
M6A Large,m6a.large,"40,862.192",General purpose,17.0 fps,8 GiB,2 vCPUs,EBS only,Up to 12.5 Gigabit,$0.0864 hourly,$0.0572 hourly,$0.0350 hourly,$0.1784 hourly,$0.1492 hourly,2026-09-23 14:20
M6A Metal,m6a.metal,"3,831,060.858",General purpose,253.0 fps,768 GiB,192 vCPUs,EBS only,50 Gigabit,$8.2944 hourly,$5.4868 hourly,$2.1588 hourly,$17.1264 hourly,$14.3188 hourly,2026-09-23 14:20
M6A Extra Large,m6a.xlarge,"80,527.455",General purpose,34.0 fps,16 GiB,4 vCPUs,EBS only,Up to 12.5 Gigabit,$0.1728 hourly,$0.1143 hourly,$0.0722 hourly,$0.3568 hourly,$0.2983 hourly,2026-09-23 14:20
M6G 12xlarge Extra Large,m6g.12xlarge,"932,038.835",General purpose,172.0 fps,192 GiB,48 vCPUs,EBS only,20 Gigabit,$1.8480 hourly,$1.1592 hourly,$0.5034 hourly,-,-,2026-09-23 14:20
M6G 16xlarge Extra Large,m6g.16xlarge,"1,277,445.11",General purpose,176.0 fps,256 GiB,64 vCPUs,EBS only,25 Gigabit,$2.4640 hourly,$1.5456 hourly,$0.6445 hourly,-,-,2026-09-23 14:20
M6G Double Extra Large,m6g.2xlarge,"154,689.011",General purpose,50.0 fps,32 GiB,8 vCPUs,EBS only,Up to 10 Gigabit,$0.3080 hourly,$0.1932 hourly,$0.1142 hourly,-,-,2026-09-23 14:20
M6G Quadruple Extra Large,m6g.4xlarge,"309,817.337",General purpose,93.0 fps,64 GiB,16 vCPUs,EBS only,Up to 10 Gigabit,$0.6160 hourly,$0.3864 hourly,$0.2322 hourly,-,-,2026-09-23 14:20
M6G Eight Extra Large,m6g.8xlarge,"627,861.347",General purpose,149.0 fps,128 GiB,32 vCPUs,EBS only,12 Gigabit,$1.2320 hourly,$0.7728 hourly,$0.4143 hourly,-,-,2026-09-23 14:20
M6G Large,m6g.large,"37,343.624",General purpose,13.0 fps,8 GiB,2 vCPUs,EBS only,Up to 10 Gigabit,$0.0770 hourly,$0.0483 hourly,$0.0265 hourly,-,-,2026-09-23 14:20
M6G Medium,m6g.medium,"19,256.692",General purpose,-,4 GiB,1 vCPUs,EBS only,Up to 10 Gigabit,$0.0385 hourly,$0.0241 hourly,$0.0125 hourly,-,-,2026-09-23 14:20
M6G Metal,m6g.metal,"1,280,256.051",General purpose,178.0 fps,256 GiB,64 vCPUs,EBS only,25 Gigabit,$2.4640 hourly,$1.5456 hourly,$0.6012 hourly,-,-,2026-09-23 14:20
M6G Extra Large,m6g.xlarge,"77,002.053",General purpose,26.0 fps,16 GiB,4 vCPUs,EBS only,Up to 10 Gigabit,$0.1540 hourly,$0.0966 hourly,$0.0604 hourly,-,-,2026-09-23 14:20
M6GD 12xlarge Extra Large,m6gd.12xlarge,"933,005.054",General purpose,173.0 fps,192 GiB,48 vCPUs,2850 GB (2×1425 GB NVMe SSD),20 Gigabit,$2.1696 hourly,$1.3668 hourly,$0.5715 hourly,-,-,2026-09-23 14:20
M6GD 16xlarge Extra Large,m6gd.16xlarge,"1,289,109.709",General purpose,175.0 fps,256 GiB,64 vCPUs,3800 GB (2×1900 GB NVMe SSD),25 Gigabit,$2.8928 hourly,$1.8225 hourly,$0.7607 hourly,-,-,2026-09-23 14:20
M6GD Double Extra Large,m6gd.2xlarge,"151,966.061",General purpose,50.0 fps,32 GiB,8 vCPUs,474 GB NVMe SSD,Up to 10 Gigabit,$0.3616 hourly,$0.2278 hourly,$0.1105 hourly,-,-,2026-09-23 14:20
M6GD Quadruple Extra Large,m6gd.4xlarge,"323,777.403",General purpose,94.0 fps,64 GiB,16 vCPUs,950 GB NVMe SSD,Up to 10 Gigabit,$0.7232 hourly,$0.4556 hourly,$0.2829 hourly,-,-,2026-09-23 14:20
M6GD Eight Extra Large,m6gd.8xlarge,"608,789.397",General purpose,150.0 fps,128 GiB,32 vCPUs,1900 GB NVMe SSD,12 Gigabit,$1.4464 hourly,$0.9112 hourly,$0.4945 hourly,-,-,2026-09-23 14:20
M6GD Large,m6gd.large,"40,249.547",General purpose,13.0 fps,8 GiB,2 vCPUs,118 GB NVMe SSD,Up to 10 Gigabit,$0.0904 hourly,$0.0570 hourly,$0.0357 hourly,-,-,2026-09-23 14:20
M6GD Medium,m6gd.medium,"19,811.134",General purpose,-,4 GiB,1 vCPUs,59 GB NVMe SSD,Up to 10 Gigabit,$0.0452 hourly,$0.0285 hourly,$0.0060 hourly,-,-,2026-09-23 14:20
M6GD Metal,m6gd.metal,"1,278,891.627",General purpose,178.0 fps,256 GiB,64 vCPUs,3800 GB (2×1900 GB NVMe SSD),25 Gigabit,$2.8928 hourly,$1.8225 hourly,$0.5501 hourly,-,-,2026-09-23 14:20
M6GD Extra Large,m6gd.xlarge,"76,098.675",General purpose,26.0 fps,16 GiB,4 vCPUs,237 GB NVMe SSD,Up to 10 Gigabit,$0.1808 hourly,$0.1139 hourly,$0.1063 hourly,-,-,2026-09-23 14:20
M6I 12xlarge Extra Large,m6i.12xlarge,"808,352.981",General purpose,215.0 fps,192 GiB,48 vCPUs,EBS only,18.75 Gigabit,$2.3040 hourly,$1.5241 hourly,$0.6649 hourly,$4.5120 hourly,$3.7321 hourly,2026-09-23 14:20
M6I 16xlarge Extra Large,m6i.16xlarge,"1,069,742.175",General purpose,184.0 fps,256 GiB,64 vCPUs,EBS only,25 Gigabit,$3.0720 hourly,$2.0321 hourly,$0.8486 hourly,$6.0160 hourly,$4.9761 hourly,2026-09-23 14:20
M6I 24xlarge,m6i.24xlarge,"1,587,761.009",General purpose,235.0 fps,384 GiB,96 vCPUs,EBS only,37.5 Gigabit,$4.6080 hourly,$3.0482 hourly,$1.2868 hourly,$9.0240 hourly,$7.4642 hourly,2026-09-23 14:20
M6I Double Extra Large,m6i.2xlarge,"138,822.611",General purpose,55.0 fps,32 GiB,8 vCPUs,EBS only,Up to 12.5 Gigabit,$0.3840 hourly,$0.2540 hourly,$0.1280 hourly,$0.7520 hourly,$0.6220 hourly,2026-09-23 14:20
M6I 32xlarge,m6i.32xlarge,"2,269,000.665",General purpose,215.0 fps,512 GiB,128 vCPUs,EBS only,50 Gigabit,$6.1440 hourly,$4.0643 hourly,$1.6216 hourly,$12.0320 hourly,$9.9523 hourly,2026-09-23 14:20
M6I Quadruple Extra Large,m6i.4xlarge,"266,023.776",General purpose,108.0 fps,64 GiB,16 vCPUs,EBS only,Up to 12.5 Gigabit,$0.7680 hourly,$0.5080 hourly,$0.1938 hourly,$1.5040 hourly,$1.2440 hourly,2026-09-23 14:20
M6I Eight Extra Large,m6i.8xlarge,"550,371.931",General purpose,181.0 fps,128 GiB,32 vCPUs,EBS only,12.5 Gigabit,$1.5360 hourly,$1.0161 hourly,$0.4759 hourly,$3.0080 hourly,$2.4881 hourly,2026-09-23 14:20
M6I Large,m6i.large,"35,055.431",General purpose,14.0 fps,8 GiB,2 vCPUs,EBS only,Up to 12.5 Gigabit,$0.0960 hourly,$0.0635 hourly,$0.0381 hourly,$0.1880 hourly,$0.1555 hourly,2026-09-23 14:20
M6I Metal,m6i.metal,"2,345,073.971",General purpose,259.0 fps,512 GiB,128 vCPUs,EBS only,50 Gigabit,$6.1440 hourly,$4.0643 hourly,$0.9709 hourly,$12.0320 hourly,$9.9523 hourly,2026-09-23 14:20
M6I Extra Large,m6i.xlarge,"66,741.751",General purpose,27.0 fps,16 GiB,4 vCPUs,EBS only,Up to 12.5 Gigabit,$0.1920 hourly,$0.1270 hourly,$0.0784 hourly,$0.3760 hourly,$0.3110 hourly,2026-09-23 14:20
M6ID 12xlarge Extra Large,m6id.12xlarge,"820,442.697",General purpose,219.0 fps,192 GiB,48 vCPUs,2850 GB (2×1425 GB NVMe SSD),18.75 Gigabit,$2.8476 hourly,$1.7940 hourly,$0.6132 hourly,$5.0556 hourly,$4.0020 hourly,2026-09-23 14:20
M6ID 16xlarge Extra Large,m6id.16xlarge,"1,098,570.999",General purpose,184.0 fps,256 GiB,64 vCPUs,3800 GB (2×1900 GB NVMe SSD),25 Gigabit,$3.7968 hourly,$2.3920 hourly,$0.9254 hourly,$6.7408 hourly,$5.3360 hourly,2026-09-23 14:20
M6ID 24xlarge,m6id.24xlarge,"1,695,439.092",General purpose,240.0 fps,384 GiB,96 vCPUs,5700 GB (4×1425 GB NVMe SSD),37.5 Gigabit,$5.6952 hourly,$3.5880 hourly,$1.1298 hourly,$10.1112 hourly,$8.0040 hourly,2026-09-23 14:20
M6ID Double Extra Large,m6id.2xlarge,"133,952.865",General purpose,56.0 fps,32 GiB,8 vCPUs,474 GB NVMe SSD,Up to 12.5 Gigabit,$0.4746 hourly,$0.2990 hourly,$0.1988 hourly,$0.8426 hourly,$0.6670 hourly,2026-09-23 14:20
M6ID 32xlarge,m6id.32xlarge,"2,204,900.736",General purpose,213.0 fps,512 GiB,128 vCPUs,7600 GB (4×1900 GB NVMe SSD),50 Gigabit,$7.5936 hourly,$4.7840 hourly,$2.0986 hourly,$13.4816 hourly,$10.6720 hourly,2026-09-23 14:20
M6ID Quadruple Extra Large,m6id.4xlarge,"268,118.978",General purpose,107.0 fps,64 GiB,16 vCPUs,950 GB NVMe SSD,Up to 12.5 Gigabit,$0.9492 hourly,$0.5980 hourly,$0.3741 hourly,$1.6852 hourly,$1.3340 hourly,2026-09-23 14:20
M6ID Eight Extra Large,m6id.8xlarge,"559,171.727",General purpose,188.0 fps,128 GiB,32 vCPUs,1900 GB NVMe SSD,12.5 Gigabit,$1.8984 hourly,$1.1960 hourly,$0.6773 hourly,$3.3704 hourly,$2.6680 hourly,2026-09-23 14:20
M6ID Large,m6id.large,"35,040.077",General purpose,14.0 fps,8 GiB,2 vCPUs,118 GB NVMe SSD,Up to 12.5 Gigabit,$0.1187 hourly,$0.0748 hourly,$0.0383 hourly,$0.2107 hourly,$0.1668 hourly,2026-09-23 14:20
M6ID Metal,m6id.metal,"2,367,739.549",General purpose,274.0 fps,512 GiB,128 vCPUs,7600 GB (4×1900 GB NVMe SSD),50 Gigabit,$7.5936 hourly,$4.7840 hourly,$1.9900 hourly,$13.4816 hourly,$10.6720 hourly,2026-09-23 14:20
M6ID Extra Large,m6id.xlarge,"65,797.59",General purpose,28.0 fps,16 GiB,4 vCPUs,237 GB NVMe SSD,Up to 12.5 Gigabit,$0.2373 hourly,$0.1495 hourly,$0.0860 hourly,$0.4213 hourly,$0.3335 hourly,2026-09-23 14:20
M6IDN 12xlarge Extra Large,m6idn.12xlarge,"819,812.126",General purpose,216.0 fps,192 GiB,48 vCPUs,2850 GB (2×1425 GB NVMe SSD),75 Gigabit,$3.8189 hourly,$2.4059 hourly,$0.7708 hourly,$6.0269 hourly,$4.6139 hourly,2026-09-23 14:20
M6IDN 16xlarge Extra Large,m6idn.16xlarge,"1,101,738.681",General purpose,186.0 fps,256 GiB,64 vCPUs,3800 GB (2×1900 GB NVMe SSD),100 Gigabit,$5.0918 hourly,$3.2079 hourly,$1.2110 hourly,$8.0358 hourly,$6.1519 hourly,2026-09-23 14:20
M6IDN 24xlarge,m6idn.24xlarge,"1,646,655.232",General purpose,233.0 fps,384 GiB,96 vCPUs,5700 GB (4×1425 GB NVMe SSD),150 Gigabit,$7.6378 hourly,$4.8118 hourly,$1.2173 hourly,$12.0538 hourly,$9.2278 hourly,2026-09-23 14:20
M6IDN Double Extra Large,m6idn.2xlarge,"133,701.011",General purpose,54.0 fps,32 GiB,8 vCPUs,474 GB NVMe SSD,Up to 40 Gigabit,$0.6365 hourly,$0.4010 hourly,$0.2679 hourly,$1.0045 hourly,$0.7690 hourly,2026-09-23 14:20
M6IDN 32xlarge,m6idn.32xlarge,"2,140,826.225",General purpose,215.0 fps,512 GiB,128 vCPUs,7600 GB (4×1900 GB NVMe SSD),200 Gigabit,$10.1837 hourly,$6.4157 hourly,$1.4431 hourly,$16.0717 hourly,$12.3037 hourly,2026-09-23 14:20
M6IDN Quadruple Extra Large,m6idn.4xlarge,"278,842.802",General purpose,106.0 fps,64 GiB,16 vCPUs,950 GB NVMe SSD,Up to 50 Gigabit,$1.2730 hourly,$0.8020 hourly,$0.7688 hourly,$2.0090 hourly,$1.5380 hourly,2026-09-23 14:20
M6IDN Eight Extra Large,m6idn.8xlarge,"560,199.571",General purpose,148.0 fps,128 GiB,32 vCPUs,1900 GB NVMe SSD,50 Gigabit,$2.5459 hourly,$1.6039 hourly,$0.8624 hourly,$4.0179 hourly,$3.0759 hourly,2026-09-23 14:20
M6IDN Large,m6idn.large,"33,200.531",General purpose,14.0 fps,8 GiB,2 vCPUs,118 GB NVMe SSD,Up to 25 Gigabit,$0.1591 hourly,$0.1003 hourly,$0.0458 hourly,$0.2511 hourly,$0.1923 hourly,2026-09-23 14:20
M6IDN Metal,m6idn.metal,"2,398,575.846",General purpose,189.0 fps,512 GiB,128 vCPUs,7600 GB (4×1900 GB NVMe SSD),200 Gigabit,$10.1837 hourly,$6.4157 hourly,$1.2152 hourly,$16.0717 hourly,$12.3037 hourly,2026-09-23 14:20
M6IDN Extra Large,m6idn.xlarge,"68,693.114",General purpose,28.0 fps,16 GiB,4 vCPUs,237 GB NVMe SSD,Up to 30 Gigabit,$0.3182 hourly,$0.2005 hourly,$0.1398 hourly,$0.5022 hourly,$0.3845 hourly,2026-09-23 14:20
M6IN 12xlarge Extra Large,m6in.12xlarge,"818,658.594",General purpose,219.0 fps,192 GiB,48 vCPUs,EBS only,75 Gigabit,$3.3415 hourly,$2.1052 hourly,$0.7846 hourly,$5.5495 hourly,$4.3132 hourly,2026-09-23 14:20
M6IN 16xlarge Extra Large,m6in.16xlarge,"1,090,336.045",General purpose,187.0 fps,256 GiB,64 vCPUs,EBS only,100 Gigabit,$4.4554 hourly,$2.8069 hourly,$1.1208 hourly,$7.3994 hourly,$5.7509 hourly,2026-09-23 14:20
M6IN 24xlarge,m6in.24xlarge,"1,559,327.54",General purpose,237.0 fps,384 GiB,96 vCPUs,EBS only,150 Gigabit,$6.6830 hourly,$4.2103 hourly,$1.6986 hourly,$11.0990 hourly,$8.6263 hourly,2026-09-23 14:20
M6IN Double Extra Large,m6in.2xlarge,"136,518.771",General purpose,56.0 fps,32 GiB,8 vCPUs,EBS only,Up to 40 Gigabit,$0.5569 hourly,$0.3509 hourly,$0.1876 hourly,$0.9249 hourly,$0.7189 hourly,2026-09-23 14:20
M6IN 32xlarge,m6in.32xlarge,"2,206,611.214",General purpose,220.0 fps,512 GiB,128 vCPUs,EBS only,200 Gigabit,$8.9107 hourly,$5.6138 hourly,$1.8018 hourly,$14.7987 hourly,$11.5018 hourly,2026-09-23 14:20
M6IN Quadruple Extra Large,m6in.4xlarge,"266,866.817",General purpose,107.0 fps,64 GiB,16 vCPUs,EBS only,Up to 50 Gigabit,$1.1138 hourly,$0.7017 hourly,$0.4323 hourly,$1.8498 hourly,$1.4377 hourly,2026-09-23 14:20
M6IN Eight Extra Large,m6in.8xlarge,"568,282.721",General purpose,178.0 fps,128 GiB,32 vCPUs,EBS only,50 Gigabit,$2.2277 hourly,$1.4034 hourly,$0.6824 hourly,$3.6997 hourly,$2.8754 hourly,2026-09-23 14:20
M6IN Large,m6in.large,"32,420.165",General purpose,14.0 fps,8 GiB,2 vCPUs,EBS only,Up to 25 Gigabit,$0.1392 hourly,$0.0877 hourly,$0.0456 hourly,$0.2312 hourly,$0.1797 hourly,2026-09-23 14:20
M6IN Metal,m6in.metal,"2,559,744.026",General purpose,256.0 fps,512 GiB,128 vCPUs,EBS only,200 Gigabit,$8.9107 hourly,$5.6138 hourly,$1.2688 hourly,$14.7987 hourly,$11.5018 hourly,2026-09-23 14:20
M6IN Extra Large,m6in.xlarge,"68,769.879",General purpose,28.0 fps,16 GiB,4 vCPUs,EBS only,Up to 30 Gigabit,$0.2785 hourly,$0.1754 hourly,$0.1126 hourly,$0.4625 hourly,$0.3594 hourly,2026-09-23 14:20
M7A 12xlarge Extra Large,m7a.12xlarge,"1,543,408.36",General purpose,308.0 fps,192 GiB,48 vCPUs,EBS only,18.75 Gigabit,$2.7821 hourly,$1.8404 hourly,$0.7432 hourly,$4.9901 hourly,$4.0484 hourly,2026-09-23 14:20
M7A 16xlarge Extra Large,m7a.16xlarge,"1,932,756.191",General purpose,302.0 fps,256 GiB,64 vCPUs,EBS only,25 Gigabit,$3.7094 hourly,$2.4538 hourly,$0.9628 hourly,$6.6534 hourly,$5.3978 hourly,2026-09-23 14:20
M7A 24xlarge,m7a.24xlarge,"2,714,420.358",General purpose,311.0 fps,384 GiB,96 vCPUs,EBS only,37.5 Gigabit,$5.5642 hourly,$3.6807 hourly,$1.1612 hourly,$9.9802 hourly,$8.0967 hourly,2026-09-23 14:20
M7A Double Extra Large,m7a.2xlarge,"262,826.48",General purpose,104.0 fps,32 GiB,8 vCPUs,EBS only,Up to 12.5 Gigabit,$0.4637 hourly,$0.3067 hourly,$0.2037 hourly,$0.8317 hourly,$0.6747 hourly,2026-09-23 14:20
M7A 32xlarge,m7a.32xlarge,"4,116,638.079",General purpose,296.0 fps,512 GiB,128 vCPUs,EBS only,50 Gigabit,$7.4189 hourly,$4.9076 hourly,$1.0444 hourly,$13.3069 hourly,$10.7956 hourly,2026-09-23 14:20
M7A 48xlarge,m7a.48xlarge,"5,871,260.384",General purpose,300.0 fps,768 GiB,192 vCPUs,EBS only,50 Gigabit,$11.1283 hourly,$7.3614 hourly,$3.1158 hourly,$19.9603 hourly,$16.1934 hourly,2026-09-23 14:20
M7A Quadruple Extra Large,m7a.4xlarge,"511,617.992",General purpose,189.0 fps,64 GiB,16 vCPUs,EBS only,Up to 12.5 Gigabit,$0.9274 hourly,$0.6135 hourly,$0.3723 hourly,$1.6634 hourly,$1.3495 hourly,2026-09-23 14:20
M7A Eight Extra Large,m7a.8xlarge,"1,087,079.606",General purpose,281.0 fps,128 GiB,32 vCPUs,EBS only,12.5 Gigabit,$1.8547 hourly,$1.2269 hourly,$0.6940 hourly,$3.3267 hourly,$2.6989 hourly,2026-09-23 14:20
M7A Large,m7a.large,"67,950.17",General purpose,27.0 fps,8 GiB,2 vCPUs,EBS only,Up to 12.5 Gigabit,$0.1159 hourly,$0.0767 hourly,$0.0440 hourly,$0.2079 hourly,$0.1687 hourly,2026-09-23 14:20
M7A Medium,m7a.medium,"32,470.168",General purpose,-,4 GiB,1 vCPUs,EBS only,Up to 12.5 Gigabit,$0.0580 hourly,$0.0383 hourly,$0.0202 hourly,$0.1040 hourly,$0.0843 hourly,2026-09-23 14:20
M7A Metal-48xl,m7a.metal-48xl,"6,428,571.429",General purpose,320.0 fps,768 GiB,192 vCPUs,EBS only,50 Gigabit,$11.1283 hourly,$7.3614 hourly,$2.1010 hourly,$19.9603 hourly,$16.1934 hourly,2026-09-23 14:20
M7A Extra Large,m7a.xlarge,"131,219.245",General purpose,55.0 fps,16 GiB,4 vCPUs,EBS only,Up to 12.5 Gigabit,$0.2318 hourly,$0.1534 hourly,$0.0843 hourly,$0.4158 hourly,$0.3374 hourly,2026-09-23 14:20
M7G 12xlarge Extra Large,m7g.12xlarge,"1,244,732.577",General purpose,239.0 fps,192 GiB,48 vCPUs,EBS only,22.5 Gigabit,$1.9584 hourly,$1.2955 hourly,$0.4614 hourly,-,-,2026-09-23 14:20
M7G 16xlarge Extra Large,m7g.16xlarge,"1,580,051.845",General purpose,242.0 fps,256 GiB,64 vCPUs,EBS only,30 Gigabit,$2.6112 hourly,$1.7273 hourly,$0.8419 hourly,-,-,2026-09-23 14:20
M7G Double Extra Large,m7g.2xlarge,"199,153.597",General purpose,73.0 fps,32 GiB,8 vCPUs,EBS only,Up to 15 Gigabit,$0.3264 hourly,$0.2159 hourly,$0.1498 hourly,-,-,2026-09-23 14:20
M7G Quadruple Extra Large,m7g.4xlarge,"411,602.032",General purpose,134.0 fps,64 GiB,16 vCPUs,EBS only,Up to 15 Gigabit,$0.6528 hourly,$0.4318 hourly,$0.2462 hourly,-,-,2026-09-23 14:20
M7G Eight Extra Large,m7g.8xlarge,"815,390.496",General purpose,213.0 fps,128 GiB,32 vCPUs,EBS only,15 Gigabit,$1.3056 hourly,$0.8637 hourly,$0.5395 hourly,-,-,2026-09-23 14:20
M7G Large,m7g.large,"51,659.563",General purpose,19.0 fps,8 GiB,2 vCPUs,EBS only,Up to 12.5 Gigabit,$0.0816 hourly,$0.0540 hourly,$0.0464 hourly,-,-,2026-09-23 14:20
M7G Medium,m7g.medium,"25,521.055",General purpose,-,4 GiB,1 vCPUs,EBS only,Up to 12.5 Gigabit,$0.0408 hourly,$0.0270 hourly,$0.0168 hourly,-,-,2026-09-23 14:20
M7G Metal,m7g.metal,"1,729,262.362",General purpose,245.0 fps,256 GiB,64 vCPUs,EBS only,30 Gigabit,$2.6112 hourly,$1.7273 hourly,$0.6815 hourly,-,-,2026-09-23 14:20
M7G Extra Large,m7g.xlarge,"103,066.22",General purpose,38.0 fps,16 GiB,4 vCPUs,EBS only,Up to 12.5 Gigabit,$0.1632 hourly,$0.1080 hourly,$0.0808 hourly,-,-,2026-09-23 14:20
M7GD 12xlarge Extra Large,m7gd.12xlarge,"1,247,077.163",General purpose,239.0 fps,192 GiB,48 vCPUs,2850 GB (2×1425 GB NVMe SSD),22.5 Gigabit,$2.5628 hourly,$1.6146 hourly,$2.5628 hourly,-,-,2026-09-23 14:20
M7GD 16xlarge Extra Large,m7gd.16xlarge,"1,664,499.35",General purpose,242.0 fps,256 GiB,64 vCPUs,3800 GB (2×1900 GB NVMe SSD),30 Gigabit,$3.4171 hourly,$2.1528 hourly,$1.0797 hourly,-,-,2026-09-23 14:20
M7GD Double Extra Large,m7gd.2xlarge,"202,698.423",General purpose,72.0 fps,32 GiB,8 vCPUs,474 GB NVMe SSD,Up to 15 Gigabit,$0.4271 hourly,$0.2691 hourly,$0.1083 hourly,-,-,2026-09-23 14:20
M7GD Quadruple Extra Large,m7gd.4xlarge,"405,165.865",General purpose,133.0 fps,64 GiB,16 vCPUs,950 GB NVMe SSD,Up to 15 Gigabit,$0.8543 hourly,$0.5382 hourly,$0.4993 hourly,-,-,2026-09-23 14:20
M7GD Eight Extra Large,m7gd.8xlarge,"817,160.368",General purpose,212.0 fps,128 GiB,32 vCPUs,1900 GB NVMe SSD,15 Gigabit,$1.7086 hourly,$1.0764 hourly,$0.6323 hourly,-,-,2026-09-23 14:20
M7GD Large,m7gd.large,"49,443.758",General purpose,18.0 fps,8 GiB,2 vCPUs,118 GB NVMe SSD,Up to 12.5 Gigabit,$0.1068 hourly,$0.0673 hourly,$0.0350 hourly,-,-,2026-09-23 14:20
M7GD Medium,m7gd.medium,"24,319.066",General purpose,-,4 GiB,1 vCPUs,59 GB NVMe SSD,Up to 12.5 Gigabit,$0.0534 hourly,$0.0336 hourly,$0.0534 hourly,-,-,2026-09-23 14:20
M7GD Metal,m7gd.metal,"1,523,537.464",General purpose,245.0 fps,256 GiB,64 vCPUs,3800 GB (2×1900 GB NVMe SSD),30 Gigabit,$3.4171 hourly,$2.1528 hourly,$3.4171 hourly,-,-,2026-09-23 14:20
M7GD Extra Large,m7gd.xlarge,"102,860.816",General purpose,38.0 fps,16 GiB,4 vCPUs,237 GB NVMe SSD,Up to 12.5 Gigabit,$0.2136 hourly,$0.1345 hourly,$0.0878 hourly,-,-,2026-09-23 14:20
M7I-FLEX 12xlarge Extra Large,m7i-flex.12xlarge,"968,620.724",General purpose,227.0 fps,192 GiB,48 vCPUs,EBS only,Up to 18.75 Gigabit,$2.2982 hourly,$1.5202 hourly,$0.8155 hourly,$4.5062 hourly,$3.7282 hourly,2026-09-23 14:20
M7I-FLEX 16xlarge Extra Large,m7i-flex.16xlarge,"1,328,489.881",General purpose,210.0 fps,256 GiB,64 vCPUs,EBS only,Up to 25 Gigabit,$3.0643 hourly,$2.0269 hourly,$0.8658 hourly,$6.0083 hourly,$4.9709 hourly,2026-09-23 14:20
M7I-FLEX Double Extra Large,m7i-flex.2xlarge,"157,720.933",General purpose,57.0 fps,32 GiB,8 vCPUs,EBS only,Up to 12.5 Gigabit,$0.3830 hourly,$0.2534 hourly,$0.1326 hourly,$0.7326 hourly,$0.6030 hourly,2026-09-23 14:20
M7I-FLEX Quadruple Extra Large,m7i-flex.4xlarge,"341,042.311",General purpose,137.0 fps,64 GiB,16 vCPUs,EBS only,Up to 12.5 Gigabit,$0.7661 hourly,$0.5067 hourly,$0.2995 hourly,$1.4653 hourly,$1.2059 hourly,2026-09-23 14:20
M7I-FLEX Eight Extra Large,m7i-flex.8xlarge,"735,378.605",General purpose,214.0 fps,128 GiB,32 vCPUs,EBS only,Up to 12.5 Gigabit,$1.5322 hourly,$1.0135 hourly,$0.5756 hourly,$2.9306 hourly,$2.4119 hourly,2026-09-23 14:20
M7I-FLEX Large,m7i-flex.large,"43,763.676",General purpose,16.0 fps,8 GiB,2 vCPUs,EBS only,Up to 12.5 Gigabit,$0.0958 hourly,$0.0633 hourly,$0.0374 hourly,$0.1832 hourly,$0.1507 hourly,2026-09-23 14:20
M7I-FLEX Extra Large,m7i-flex.xlarge,"78,697.555",General purpose,31.0 fps,16 GiB,4 vCPUs,EBS only,Up to 12.5 Gigabit,$0.1915 hourly,$0.1267 hourly,$0.0759 hourly,$0.3663 hourly,$0.3015 hourly,2026-09-23 14:20
M7I 12xlarge Extra Large,m7i.12xlarge,"1,068,011.57",General purpose,235.0 fps,192 GiB,48 vCPUs,EBS only,18.75 Gigabit,$2.4192 hourly,$1.6003 hourly,$0.6260 hourly,$4.6272 hourly,$3.8083 hourly,2026-09-23 14:20
M7I 16xlarge Extra Large,m7i.16xlarge,"1,339,566.036",General purpose,231.0 fps,256 GiB,64 vCPUs,EBS only,25 Gigabit,$3.2256 hourly,$2.1337 hourly,$0.7323 hourly,$6.1696 hourly,$5.0777 hourly,2026-09-23 14:20
M7I 24xlarge,m7i.24xlarge,"2,034,760.492",General purpose,257.0 fps,384 GiB,96 vCPUs,EBS only,37.5 Gigabit,$4.8384 hourly,$3.2006 hourly,$1.1417 hourly,$9.2544 hourly,$7.6166 hourly,2026-09-23 14:20
M7I Double Extra Large,m7i.2xlarge,"163,373.666",General purpose,59.0 fps,32 GiB,8 vCPUs,EBS only,Up to 12.5 Gigabit,$0.4032 hourly,$0.2667 hourly,$0.1659 hourly,$0.7712 hourly,$0.6347 hourly,2026-09-23 14:20
M7I 48xlarge,m7i.48xlarge,"3,809,523.81",General purpose,268.0 fps,768 GiB,192 vCPUs,EBS only,50 Gigabit,$9.6768 hourly,$6.4012 hourly,$3.4539 hourly,$18.5088 hourly,$15.2332 hourly,2026-09-23 14:20
M7I Quadruple Extra Large,m7i.4xlarge,"372,381.691",General purpose,126.0 fps,64 GiB,16 vCPUs,EBS only,Up to 12.5 Gigabit,$0.8064 hourly,$0.5334 hourly,$0.2965 hourly,$1.5424 hourly,$1.2694 hourly,2026-09-23 14:20
M7I Eight Extra Large,m7i.8xlarge,"699,530.003",General purpose,200.0 fps,128 GiB,32 vCPUs,EBS only,12.5 Gigabit,$1.6128 hourly,$1.0669 hourly,$0.5915 hourly,$3.0848 hourly,$2.5389 hourly,2026-09-23 14:20
M7I Large,m7i.large,"46,780.89",General purpose,17.0 fps,8 GiB,2 vCPUs,EBS only,Up to 12.5 Gigabit,$0.1008 hourly,$0.0667 hourly,$0.0415 hourly,$0.1928 hourly,$0.1587 hourly,2026-09-23 14:20
M7I Metal-24xl,m7i.metal-24xl,"2,055,234.425",General purpose,279.0 fps,384 GiB,96 vCPUs,EBS only,37.5 Gigabit,$4.8384 hourly,$3.2006 hourly,$1.3112 hourly,$9.2544 hourly,$7.6166 hourly,2026-09-23 14:20
M7I Metal-48xl,m7i.metal-48xl,"3,469,461.511",General purpose,303.0 fps,768 GiB,192 vCPUs,EBS only,50 Gigabit,$9.6768 hourly,$6.4012 hourly,$2.4934 hourly,$18.5088 hourly,$15.2332 hourly,2026-09-23 14:20
M7I Extra Large,m7i.xlarge,"89,171.265",General purpose,32.0 fps,16 GiB,4 vCPUs,EBS only,Up to 12.5 Gigabit,$0.2016 hourly,$0.1334 hourly,$0.0795 hourly,$0.3856 hourly,$0.3174 hourly,2026-09-23 14:20
M8A 12xlarge Extra Large,m8a.12xlarge,"2,249,392.92",General purpose,417.0 fps,192 GiB,48 vCPUs,EBS only,22.5 Gigabit,$2.9213 hourly,-,$0.8805 hourly,$5.1293 hourly,-,2026-09-23 14:20
M8A 16xlarge Extra Large,m8a.16xlarge,"2,819,496.175",General purpose,416.0 fps,256 GiB,64 vCPUs,EBS only,30 Gigabit,$3.8950 hourly,-,$1.0152 hourly,$6.8390 hourly,-,2026-09-23 14:20
M8A 24xlarge,m8a.24xlarge,"3,988,819.219",General purpose,416.0 fps,384 GiB,96 vCPUs,EBS only,40 Gigabit,$5.8426 hourly,-,$1.6176 hourly,$10.2586 hourly,-,2026-09-23 14:20
M8A Double Extra Large,m8a.2xlarge,"367,787.909",General purpose,130.0 fps,32 GiB,8 vCPUs,EBS only,Up to 15 Gigabit,$0.4869 hourly,-,$0.1655 hourly,$0.8549 hourly,-,2026-09-23 14:20
M8A 48xlarge,m8a.48xlarge,"6,962,254.821",General purpose,406.0 fps,768 GiB,192 vCPUs,EBS only,75 Gigabit,$11.6851 hourly,-,$2.3266 hourly,$20.5171 hourly,-,2026-09-23 14:20
M8A Quadruple Extra Large,m8a.4xlarge,"771,022.408",General purpose,236.0 fps,64 GiB,16 vCPUs,EBS only,Up to 15 Gigabit,$0.9738 hourly,-,$0.2845 hourly,$1.7098 hourly,-,2026-09-23 14:20
M8A Eight Extra Large,m8a.8xlarge,"1,391,102.739",General purpose,329.0 fps,128 GiB,32 vCPUs,EBS only,15 Gigabit,$1.9475 hourly,-,$0.5916 hourly,$3.4195 hourly,-,2026-09-23 14:20
M8A Large,m8a.large,"94,347.714",General purpose,35.0 fps,8 GiB,2 vCPUs,EBS only,Up to 12.5 Gigabit,$0.1217 hourly,-,$0.0397 hourly,$0.2137 hourly,-,2026-09-23 14:20
M8A Medium,m8a.medium,"41,172.03",General purpose,-,4 GiB,1 vCPUs,EBS only,Up to 12.5 Gigabit,$0.0609 hourly,-,$0.0159 hourly,$0.1069 hourly,-,2026-09-23 14:20
M8A Metal-24xl,m8a.metal-24xl,"4,001,667.361",General purpose,443.0 fps,384 GiB,96 vCPUs,EBS only,40 Gigabit,$5.8426 hourly,-,$1.5015 hourly,$10.2586 hourly,-,2026-09-23 14:20
M8A Metal-48xl,m8a.metal-48xl,"7,478,488.722",General purpose,426.0 fps,768 GiB,192 vCPUs,EBS only,75 Gigabit,$11.6851 hourly,-,$1.9658 hourly,$20.5171 hourly,-,2026-09-23 14:20
M8A Extra Large,m8a.xlarge,"174,418.605",General purpose,71.0 fps,16 GiB,4 vCPUs,EBS only,Up to 12.5 Gigabit,$0.2434 hourly,-,$0.0783 hourly,$0.4274 hourly,-,2026-09-23 14:20
M8AZN 12xlarge Extra Large,m8azn.12xlarge,-,General purpose,-,192 GiB,48 vCPUs,EBS only,100 Gigabit,$4.9550 hourly,-,$1.4236 hourly,$7.1630 hourly,-,2026-09-23 14:20
M8AZN 24xlarge,m8azn.24xlarge,-,General purpose,-,384 GiB,96 vCPUs,EBS only,200 Gigabit,$9.9101 hourly,-,$2.8404 hourly,$14.3261 hourly,-,2026-09-23 14:20
M8AZN 3xlarge,m8azn.3xlarge,-,General purpose,-,48 GiB,12 vCPUs,EBS only,Up to 50 Gigabit,$1.2388 hourly,-,$0.4256 hourly,$1.7908 hourly,-,2026-09-23 14:20
M8AZN 6xlarge,m8azn.6xlarge,-,General purpose,-,96 GiB,24 vCPUs,EBS only,50 Gigabit,$2.4775 hourly,-,$0.8897 hourly,$3.5815 hourly,-,2026-09-23 14:20
M8AZN Large,m8azn.large,-,General purpose,-,8 GiB,2 vCPUs,EBS only,Up to 30 Gigabit,$0.2065 hourly,-,$0.0489 hourly,$0.2985 hourly,-,2026-09-23 14:20
M8AZN Medium,m8azn.medium,-,General purpose,-,4 GiB,1 vCPUs,EBS only,Up to 25 Gigabit,$0.1032 hourly,-,$0.0249 hourly,$0.1492 hourly,-,2026-09-23 14:20
M8AZN Metal-12xl,m8azn.metal-12xl,-,General purpose,-,192 GiB,48 vCPUs,EBS only,100 Gigabit,$4.9550 hourly,-,$1.1634 hourly,$7.1630 hourly,-,2026-09-23 14:20
M8AZN Metal-24xl,m8azn.metal-24xl,-,General purpose,-,384 GiB,96 vCPUs,EBS only,200 Gigabit,$9.9101 hourly,-,$1.4684 hourly,$14.3261 hourly,-,2026-09-23 14:20
M8AZN Extra Large,m8azn.xlarge,-,General purpose,-,16 GiB,4 vCPUs,EBS only,Up to 40 Gigabit,$0.4129 hourly,-,$0.1447 hourly,$0.5969 hourly,-,2026-09-23 14:20
M8G 12xlarge Extra Large,m8g.12xlarge,"1,434,548.715",General purpose,293.0 fps,192 GiB,48 vCPUs,EBS only,22.5 Gigabit,$2.1542 hourly,$1.4250 hourly,$0.6460 hourly,-,-,2026-09-23 14:20
M8G 16xlarge Extra Large,m8g.16xlarge,"1,941,747.573",General purpose,297.0 fps,256 GiB,64 vCPUs,EBS only,30 Gigabit,$2.8723 hourly,$1.9000 hourly,$0.7688 hourly,-,-,2026-09-23 14:20
M8G 24xlarge,m8g.24xlarge,"2,983,682.984",General purpose,297.0 fps,384 GiB,96 vCPUs,EBS only,40 Gigabit,$4.3085 hourly,$2.8501 hourly,$1.3311 hourly,-,-,2026-09-23 14:20
M8G Double Extra Large,m8g.2xlarge,"240,493.011",General purpose,86.0 fps,32 GiB,8 vCPUs,EBS only,Up to 15 Gigabit,$0.3590 hourly,$0.2375 hourly,$0.1358 hourly,-,-,2026-09-23 14:20
M8G 48xlarge,m8g.48xlarge,"5,500,250.662",General purpose,277.0 fps,768 GiB,192 vCPUs,EBS only,50 Gigabit,$8.6170 hourly,$5.7001 hourly,$3.1749 hourly,-,-,2026-09-23 14:20
M8G Quadruple Extra Large,m8g.4xlarge,"511,100.463",General purpose,158.0 fps,64 GiB,16 vCPUs,EBS only,Up to 15 Gigabit,$0.7181 hourly,$0.4750 hourly,$0.2746 hourly,-,-,2026-09-23 14:20
M8G Eight Extra Large,m8g.8xlarge,"928,815.035",General purpose,255.0 fps,128 GiB,32 vCPUs,EBS only,15 Gigabit,$1.4362 hourly,$0.9500 hourly,$0.4915 hourly,-,-,2026-09-23 14:20
M8G Large,m8g.large,"62,514.652",General purpose,22.0 fps,8 GiB,2 vCPUs,EBS only,Up to 12.5 Gigabit,$0.0898 hourly,$0.0594 hourly,$0.0415 hourly,-,-,2026-09-23 14:20
M8G Medium,m8g.medium,"29,431.241",General purpose,-,4 GiB,1 vCPUs,EBS only,Up to 12.5 Gigabit,$0.0449 hourly,$0.0297 hourly,$0.0155 hourly,-,-,2026-09-23 14:20
M8G Metal-24xl,m8g.metal-24xl,"2,892,873.286",General purpose,299.0 fps,384 GiB,96 vCPUs,EBS only,40 Gigabit,$4.3085 hourly,$2.8501 hourly,$1.1558 hourly,-,-,2026-09-23 14:20
M8G Metal-48xl,m8g.metal-48xl,"4,450,625.869",General purpose,283.0 fps,768 GiB,192 vCPUs,EBS only,50 Gigabit,$8.6170 hourly,$5.7001 hourly,$2.4002 hourly,-,-,2026-09-23 14:20
M8G Extra Large,m8g.xlarge,"124,678.563",General purpose,45.0 fps,16 GiB,4 vCPUs,EBS only,Up to 12.5 Gigabit,$0.1795 hourly,$0.1188 hourly,$0.0796 hourly,-,-,2026-09-23 14:20
M8GB 12xlarge Extra Large,m8gb.12xlarge,"1,395,856.052",General purpose,293.0 fps,192 GiB,48 vCPUs,EBS only,100 Gigabit,$3.4920 hourly,-,$0.9326 hourly,-,-,2026-09-23 14:20
M8GB 16xlarge Extra Large,m8gb.16xlarge,"1,863,580.112",General purpose,296.0 fps,256 GiB,64 vCPUs,EBS only,133.33 Gigabit,$4.6560 hourly,-,$1.2599 hourly,-,-,2026-09-23 14:20
M8GB 24xlarge,m8gb.24xlarge,"2,891,348.543",General purpose,296.0 fps,384 GiB,96 vCPUs,EBS only,200 Gigabit,$6.9840 hourly,-,$2.1266 hourly,-,-,2026-09-23 14:20
M8GB Double Extra Large,m8gb.2xlarge,"246,153.846",General purpose,82.0 fps,32 GiB,8 vCPUs,EBS only,Up to 33.33 Gigabit,$0.5820 hourly,-,$0.1969 hourly,-,-,2026-09-23 14:20
M8GB 48xlarge,m8gb.48xlarge,"5,283,070.785",General purpose,117.0 fps,768 GiB,192 vCPUs,EBS only,400 Gigabit,$13.9680 hourly,-,$3.7026 hourly,-,-,2026-09-23 14:20
M8GB Quadruple Extra Large,m8gb.4xlarge,"486,285.237",General purpose,160.0 fps,64 GiB,16 vCPUs,EBS only,33.33 Gigabit,$1.1640 hourly,-,$0.4548 hourly,-,-,2026-09-23 14:20
M8GB Eight Extra Large,m8gb.8xlarge,"1,015,873.016",General purpose,218.0 fps,128 GiB,32 vCPUs,EBS only,66.66 Gigabit,$2.3280 hourly,-,$0.7101 hourly,-,-,2026-09-23 14:20
M8GB Large,m8gb.large,"62,348.999",General purpose,22.0 fps,8 GiB,2 vCPUs,EBS only,Up to 20 Gigabit,$0.1455 hourly,-,$0.0620 hourly,-,-,2026-09-23 14:20
M8GB Medium,m8gb.medium,"30,250.321",General purpose,-,4 GiB,1 vCPUs,EBS only,Up to 16.66 Gigabit,$0.0728 hourly,-,$0.0190 hourly,-,-,2026-09-23 14:20
M8GB Metal-24xl,m8gb.metal-24xl,-,General purpose,-,384 GiB,96 vCPUs,EBS only,200 Gigabit,$13.9680 hourly,-,$1.4386 hourly,-,-,2026-09-23 14:20
M8GB Metal-48xl,m8gb.metal-48xl,-,General purpose,-,768 GiB,192 vCPUs,EBS only,400 Gigabit,$13.9680 hourly,-,$2.5025 hourly,-,-,2026-09-23 14:20
M8GB Extra Large,m8gb.xlarge,"121,479.007",General purpose,45.0 fps,16 GiB,4 vCPUs,EBS only,Up to 26.66 Gigabit,$0.2910 hourly,-,$0.1281 hourly,-,-,2026-09-23 14:20
M8GD 12xlarge Extra Large,m8gd.12xlarge,-,General purpose,-,192 GiB,48 vCPUs,2850 GB (3×950 GB NVMe SSD),22.5 Gigabit,$2.7677 hourly,-,$2.7677 hourly,-,-,2026-09-23 14:20
M8GD 16xlarge Extra Large,m8gd.16xlarge,-,General purpose,-,256 GiB,64 vCPUs,3800 GB (2×1900 GB NVMe SSD),30 Gigabit,$3.6902 hourly,-,$1.0034 hourly,-,-,2026-09-23 14:20
M8GD 24xlarge,m8gd.24xlarge,-,General purpose,-,384 GiB,96 vCPUs,5700 GB (3×1900 GB NVMe SSD),40 Gigabit,$5.5354 hourly,-,$5.4399 hourly,-,-,2026-09-23 14:20
M8GD Double Extra Large,m8gd.2xlarge,-,General purpose,-,32 GiB,8 vCPUs,474 GB NVMe SSD,Up to 15 Gigabit,$0.4613 hourly,-,$0.1208 hourly,-,-,2026-09-23 14:20
M8GD 48xlarge,m8gd.48xlarge,-,General purpose,-,768 GiB,192 vCPUs,11400 GB (6×1900 GB NVMe SSD),50 Gigabit,$11.0707 hourly,-,$1.4840 hourly,-,-,2026-09-23 14:20
M8GD Quadruple Extra Large,m8gd.4xlarge,-,General purpose,-,64 GiB,16 vCPUs,950 GB NVMe SSD,Up to 15 Gigabit,$0.9226 hourly,-,$0.2723 hourly,-,-,2026-09-23 14:20
M8GD Eight Extra Large,m8gd.8xlarge,-,General purpose,-,128 GiB,32 vCPUs,1900 GB NVMe SSD,15 Gigabit,$1.8451 hourly,-,$0.5035 hourly,-,-,2026-09-23 14:20
M8GD Large,m8gd.large,-,General purpose,-,8 GiB,2 vCPUs,118 GB NVMe SSD,Up to 12.5 Gigabit,$0.1153 hourly,-,$0.0480 hourly,-,-,2026-09-23 14:20
M8GD Medium,m8gd.medium,-,General purpose,-,4 GiB,1 vCPUs,59 GB NVMe SSD,Up to 12.5 Gigabit,$0.0577 hourly,-,$0.0160 hourly,-,-,2026-09-23 14:20
M8GD Metal-24xl,m8gd.metal-24xl,-,General purpose,-,384 GiB,96 vCPUs,5700 GB (3×1900 GB NVMe SSD),40 Gigabit,$5.5354 hourly,-,$2.0627 hourly,-,-,2026-09-23 14:20
M8GD Metal-48xl,m8gd.metal-48xl,-,General purpose,-,768 GiB,192 vCPUs,11400 GB (6×1900 GB NVMe SSD),50 Gigabit,$11.0707 hourly,-,$1.2313 hourly,-,-,2026-09-23 14:20
M8GD Extra Large,m8gd.xlarge,-,General purpose,-,16 GiB,4 vCPUs,237 GB NVMe SSD,Up to 12.5 Gigabit,$0.2306 hourly,-,$0.0809 hourly,-,-,2026-09-23 14:20
M8GN 12xlarge Extra Large,m8gn.12xlarge,"1,375,161.152",General purpose,289.0 fps,192 GiB,48 vCPUs,EBS only,150 Gigabit,$3.4920 hourly,-,$0.8437 hourly,-,-,2026-09-23 14:20
M8GN 16xlarge Extra Large,m8gn.16xlarge,"1,925,825.623",General purpose,295.0 fps,256 GiB,64 vCPUs,EBS only,200 Gigabit,$4.6560 hourly,-,$1.1021 hourly,-,-,2026-09-23 14:20
M8GN 24xlarge,m8gn.24xlarge,"2,929,285.224",General purpose,297.0 fps,384 GiB,96 vCPUs,EBS only,300 Gigabit,$6.9840 hourly,-,$1.7742 hourly,-,-,2026-09-23 14:20
M8GN Double Extra Large,m8gn.2xlarge,"243,494.141",General purpose,88.0 fps,32 GiB,8 vCPUs,EBS only,Up to 50 Gigabit,$0.5820 hourly,-,$0.2190 hourly,-,-,2026-09-23 14:20
M8GN 48xlarge,m8gn.48xlarge,"5,357,516.568",General purpose,117.0 fps,768 GiB,192 vCPUs,EBS only,600 Gigabit,$13.9680 hourly,-,$3.7817 hourly,-,-,2026-09-23 14:20
M8GN Quadruple Extra Large,m8gn.4xlarge,"478,111.46",General purpose,161.0 fps,64 GiB,16 vCPUs,EBS only,50 Gigabit,$1.1640 hourly,-,$0.4922 hourly,-,-,2026-09-23 14:20
M8GN Eight Extra Large,m8gn.8xlarge,"998,050.682",General purpose,186.0 fps,128 GiB,32 vCPUs,EBS only,100 Gigabit,$2.3280 hourly,-,$0.6755 hourly,-,-,2026-09-23 14:20
M8GN Large,m8gn.large,"59,435.364",General purpose,22.0 fps,8 GiB,2 vCPUs,EBS only,Up to 30 Gigabit,$0.1455 hourly,-,$0.0561 hourly,-,-,2026-09-23 14:20
M8GN Medium,m8gn.medium,"30,369.752",General purpose,-,4 GiB,1 vCPUs,EBS only,Up to 25 Gigabit,$0.0728 hourly,-,$0.0183 hourly,-,-,2026-09-23 14:20
M8GN Metal-24xl,m8gn.metal-24xl,-,General purpose,-,384 GiB,96 vCPUs,EBS only,300 Gigabit,$6.9840 hourly,-,$1.0792 hourly,-,-,2026-09-23 14:20
M8GN Metal-48xl,m8gn.metal-48xl,-,General purpose,-,768 GiB,192 vCPUs,EBS only,600 Gigabit,$13.9680 hourly,-,$2.0042 hourly,-,-,2026-09-23 14:20
M8GN Extra Large,m8gn.xlarge,"125,657.74",General purpose,45.0 fps,16 GiB,4 vCPUs,EBS only,Up to 40 Gigabit,$0.2910 hourly,-,$0.1179 hourly,-,-,2026-09-23 14:20
M8I-FLEX 12xlarge Extra Large,m8i-flex.12xlarge,"1,114,464.825",General purpose,262.0 fps,192 GiB,48 vCPUs,EBS only,Up to 22.5 Gigabit,$2.4132 hourly,-,$0.8595 hourly,$4.5108 hourly,-,2026-09-23 14:20
M8I-FLEX 16xlarge Extra Large,m8i-flex.16xlarge,"1,480,967.257",General purpose,263.0 fps,256 GiB,64 vCPUs,EBS only,Up to 30 Gigabit,$3.2176 hourly,-,$0.9341 hourly,$6.0144 hourly,-,2026-09-23 14:20
M8I-FLEX Double Extra Large,m8i-flex.2xlarge,"191,563.236",General purpose,75.0 fps,32 GiB,8 vCPUs,EBS only,Up to 15 Gigabit,$0.4022 hourly,-,$0.1976 hourly,$0.7518 hourly,-,2026-09-23 14:20
M8I-FLEX Quadruple Extra Large,m8i-flex.4xlarge,"367,830.185",General purpose,144.0 fps,64 GiB,16 vCPUs,EBS only,Up to 15 Gigabit,$0.8044 hourly,-,$0.3230 hourly,$1.5036 hourly,-,2026-09-23 14:20
M8I-FLEX Eight Extra Large,m8i-flex.8xlarge,"752,085.863",General purpose,229.0 fps,128 GiB,32 vCPUs,EBS only,Up to 15 Gigabit,$1.6088 hourly,-,$0.7433 hourly,$3.0072 hourly,-,2026-09-23 14:20
M8I-FLEX Large,m8i-flex.large,"44,411.547",General purpose,19.0 fps,8 GiB,2 vCPUs,EBS only,Up to 12.5 Gigabit,$0.1006 hourly,-,$0.0413 hourly,$0.1880 hourly,-,2026-09-23 14:20
M8I-FLEX Extra Large,m8i-flex.xlarge,"99,345.972",General purpose,40.0 fps,16 GiB,4 vCPUs,EBS only,Up to 12.5 Gigabit,$0.2011 hourly,-,$0.0886 hourly,$0.3759 hourly,-,2026-09-23 14:20
M8I 12xlarge Extra Large,m8i.12xlarge,"1,109,527.295",General purpose,281.0 fps,192 GiB,48 vCPUs,EBS only,22.5 Gigabit,$2.5402 hourly,-,$0.9243 hourly,$4.7482 hourly,-,2026-09-23 14:20
M8I 16xlarge Extra Large,m8i.16xlarge,"1,612,496.851",General purpose,284.0 fps,256 GiB,64 vCPUs,EBS only,30 Gigabit,$3.3869 hourly,-,$1.0259 hourly,$6.3309 hourly,-,2026-09-23 14:20
M8I 24xlarge,m8i.24xlarge,"2,193,157.805",General purpose,303.0 fps,384 GiB,96 vCPUs,EBS only,40 Gigabit,$5.0803 hourly,-,$1.8747 hourly,$9.4963 hourly,-,2026-09-23 14:20
M8I Double Extra Large,m8i.2xlarge,"196,858.467",General purpose,76.0 fps,32 GiB,8 vCPUs,EBS only,Up to 15 Gigabit,$0.4234 hourly,-,$0.1663 hourly,$0.7914 hourly,-,2026-09-23 14:20
M8I 32xlarge,m8i.32xlarge,"2,992,751.929",General purpose,314.0 fps,512 GiB,128 vCPUs,EBS only,50 Gigabit,$6.7738 hourly,-,$2.4439 hourly,$12.6618 hourly,-,2026-09-23 14:20
M8I 48xlarge,m8i.48xlarge,"4,350,042.481",General purpose,309.0 fps,768 GiB,192 vCPUs,EBS only,75 Gigabit,$10.1606 hourly,-,$3.1333 hourly,$18.9926 hourly,-,2026-09-23 14:20
M8I Quadruple Extra Large,m8i.4xlarge,"393,587.799",General purpose,141.0 fps,64 GiB,16 vCPUs,EBS only,Up to 15 Gigabit,$0.8467 hourly,-,$0.2977 hourly,$1.5827 hourly,-,2026-09-23 14:20
M8I Eight Extra Large,m8i.8xlarge,"765,153.629",General purpose,239.0 fps,128 GiB,32 vCPUs,EBS only,15 Gigabit,$1.6934 hourly,-,$0.6094 hourly,$3.1654 hourly,-,2026-09-23 14:20
M8I 96xlarge,m8i.96xlarge,"8,717,366.629",General purpose,309.0 fps,1536 GiB,384 vCPUs,EBS only,100 Gigabit,$20.3213 hourly,-,$6.1709 hourly,$37.9853 hourly,-,2026-09-23 14:20
M8I Large,m8i.large,"44,021.35",General purpose,20.0 fps,8 GiB,2 vCPUs,EBS only,Up to 12.5 Gigabit,$0.1058 hourly,-,$0.0355 hourly,$0.1978 hourly,-,2026-09-23 14:20
M8I Metal-48xl,m8i.metal-48xl,"4,685,212.299",General purpose,298.0 fps,768 GiB,192 vCPUs,EBS only,75 Gigabit,$10.1606 hourly,-,$2.9633 hourly,$18.9926 hourly,-,2026-09-23 14:20
M8I Metal-96xl,m8i.metal-96xl,"9,221,902.017",General purpose,253.0 fps,1536 GiB,384 vCPUs,EBS only,100 Gigabit,$20.3213 hourly,-,$3.9416 hourly,$37.9853 hourly,-,2026-09-23 14:20
M8I Extra Large,m8i.xlarge,"88,967.972",General purpose,40.0 fps,16 GiB,4 vCPUs,EBS only,Up to 12.5 Gigabit,$0.2117 hourly,-,$0.0892 hourly,$0.3957 hourly,-,2026-09-23 14:20
M8IB 12xlarge Extra Large,m8ib.12xlarge,"1,159,607.022",General purpose,270.0 fps,192 GiB,48 vCPUs,EBS only,50 Gigabit,$4.0099 hourly,-,$1.4940 hourly,$6.2179 hourly,-,2026-09-23 14:20
M8IB 16xlarge Extra Large,m8ib.16xlarge,"1,576,095.879",General purpose,204.0 fps,256 GiB,64 vCPUs,EBS only,66.66 Gigabit,$5.3466 hourly,-,$1.7733 hourly,$8.2906 hourly,-,2026-09-23 14:20
M8IB 24xlarge,m8ib.24xlarge,"2,293,084.916",General purpose,251.0 fps,384 GiB,96 vCPUs,EBS only,100 Gigabit,$8.0198 hourly,-,$2.5184 hourly,$12.4358 hourly,-,2026-09-23 14:20
M8IB Double Extra Large,m8ib.2xlarge,"192,407.905",General purpose,77.0 fps,32 GiB,8 vCPUs,EBS only,Up to 26.66 Gigabit,$0.6683 hourly,-,$0.2628 hourly,$1.0363 hourly,-,2026-09-23 14:20
M8IB 32xlarge,m8ib.32xlarge,"2,967,599.838",General purpose,291.0 fps,512 GiB,128 vCPUs,EBS only,133.33 Gigabit,$10.6931 hourly,-,$3.3734 hourly,$16.5811 hourly,-,2026-09-23 14:20
M8IB 48xlarge,m8ib.48xlarge,"4,633,204.633",General purpose,284.0 fps,768 GiB,192 vCPUs,EBS only,200 Gigabit,$16.0397 hourly,-,$4.7578 hourly,$24.8717 hourly,-,2026-09-23 14:20
M8IB Quadruple Extra Large,m8ib.4xlarge,"372,656.341",General purpose,146.0 fps,64 GiB,16 vCPUs,EBS only,Up to 33.33 Gigabit,$1.3366 hourly,-,$0.5015 hourly,$2.0726 hourly,-,2026-09-23 14:20
M8IB Eight Extra Large,m8ib.8xlarge,"778,967.868",General purpose,233.0 fps,128 GiB,32 vCPUs,EBS only,33.33 Gigabit,$2.6733 hourly,-,$1.0534 hourly,$4.1453 hourly,-,2026-09-23 14:20
M8IB 96xlarge,m8ib.96xlarge,"8,852,515.705",General purpose,260.0 fps,1536 GiB,384 vCPUs,EBS only,400 Gigabit,$32.0794 hourly,-,$8.2512 hourly,$49.7434 hourly,-,2026-09-23 14:20
M8IB Large,m8ib.large,"45,879.452",General purpose,20.0 fps,8 GiB,2 vCPUs,EBS only,Up to 16.66 Gigabit,$0.1671 hourly,-,$0.0468 hourly,$0.2591 hourly,-,2026-09-23 14:20
M8IB Metal-48xl,m8ib.metal-48xl,"4,722,956.768",General purpose,93.0 fps,768 GiB,192 vCPUs,EBS only,200 Gigabit,$16.0397 hourly,-,$2.5006 hourly,$24.8717 hourly,-,2026-09-23 14:20
M8IB Metal-96xl,m8ib.metal-96xl,"9,302,888.983",General purpose,248.0 fps,1536 GiB,384 vCPUs,EBS only,400 Gigabit,$32.0794 hourly,-,$4.1702 hourly,$49.7434 hourly,-,2026-09-23 14:20
M8IB Extra Large,m8ib.xlarge,"93,611.046",General purpose,40.0 fps,16 GiB,4 vCPUs,EBS only,Up to 20 Gigabit,$0.3342 hourly,-,$0.1111 hourly,$0.5182 hourly,-,2026-09-23 14:20
M8ID 12xlarge Extra Large,m8id.12xlarge,-,General purpose,-,192 GiB,48 vCPUs,2850 GB NVMe SSD,22.5 Gigabit,$3.1325 hourly,-,$0.8323 hourly,$5.3405 hourly,-,2026-09-23 14:20
M8ID 16xlarge Extra Large,m8id.16xlarge,-,General purpose,-,256 GiB,64 vCPUs,3800 GB NVMe SSD,30 Gigabit,$4.1766 hourly,-,$1.0953 hourly,$7.1206 hourly,-,2026-09-23 14:20
M8ID 24xlarge,m8id.24xlarge,-,General purpose,-,384 GiB,96 vCPUs,5700 GB (2×2850 GB NVMe SSD),40 Gigabit,$6.2650 hourly,-,$1.9927 hourly,$10.6810 hourly,-,2026-09-23 14:20
M8ID Double Extra Large,m8id.2xlarge,-,General purpose,-,32 GiB,8 vCPUs,474 GB NVMe SSD,Up to 15 Gigabit,$0.5221 hourly,-,$0.1650 hourly,$0.8901 hourly,-,2026-09-23 14:20
M8ID 32xlarge,m8id.32xlarge,-,General purpose,-,512 GiB,128 vCPUs,7600 GB (2×3800 GB NVMe SSD),50 Gigabit,$8.3533 hourly,-,$2.0154 hourly,$14.2413 hourly,-,2026-09-23 14:20
M8ID 48xlarge,m8id.48xlarge,-,General purpose,-,768 GiB,192 vCPUs,11400 GB (3×3800 GB NVMe SSD),75 Gigabit,$12.5299 hourly,-,$2.9539 hourly,$21.3619 hourly,-,2026-09-23 14:20
M8ID Quadruple Extra Large,m8id.4xlarge,-,General purpose,-,64 GiB,16 vCPUs,950 GB NVMe SSD,Up to 15 Gigabit,$1.0442 hourly,-,$0.3414 hourly,$1.7802 hourly,-,2026-09-23 14:20
M8ID Eight Extra Large,m8id.8xlarge,-,General purpose,-,128 GiB,32 vCPUs,1900 GB NVMe SSD,15 Gigabit,$2.0883 hourly,-,$0.5491 hourly,$3.5603 hourly,-,2026-09-23 14:20
M8ID 96xlarge,m8id.96xlarge,-,General purpose,-,1536 GiB,384 vCPUs,22800 GB (6×3800 GB NVMe SSD),100 Gigabit,$25.0598 hourly,-,$6.5517 hourly,$42.7238 hourly,-,2026-09-23 14:20
M8ID Large,m8id.large,-,General purpose,-,8 GiB,2 vCPUs,118 GB NVMe SSD,Up to 12.5 Gigabit,$0.1305 hourly,-,$0.0300 hourly,$0.2225 hourly,-,2026-09-23 14:20
M8ID Metal-48xl,m8id.metal-48xl,-,General purpose,-,768 GiB,192 vCPUs,11400 GB (3×3800 GB NVMe SSD),75 Gigabit,$12.5299 hourly,-,$3.1411 hourly,$21.3619 hourly,-,2026-09-23 14:20
M8ID Metal-96xl,m8id.metal-96xl,-,General purpose,-,1536 GiB,384 vCPUs,22800 GB (6×3800 GB NVMe SSD),100 Gigabit,$25.0598 hourly,-,$3.7394 hourly,$42.7238 hourly,-,2026-09-23 14:20
M8ID Extra Large,m8id.xlarge,-,General purpose,-,16 GiB,4 vCPUs,237 GB NVMe SSD,Up to 12.5 Gigabit,$0.2610 hourly,-,$0.0892 hourly,$0.4450 hourly,-,2026-09-23 14:20
M8IDB 12xlarge Extra Large,m8idb.12xlarge,"1,153,938.617",General purpose,284.0 fps,192 GiB,48 vCPUs,2850 GB NVMe SSD,50 Gigabit,$4.5826 hourly,-,$2.0878 hourly,$6.7906 hourly,-,2026-09-23 14:20
M8IDB 16xlarge Extra Large,m8idb.16xlarge,"1,531,405.783",General purpose,278.0 fps,256 GiB,64 vCPUs,3800 GB NVMe SSD,66.66 Gigabit,$6.1101 hourly,-,$1.9013 hourly,$9.0541 hourly,-,2026-09-23 14:20
M8IDB 24xlarge,m8idb.24xlarge,"2,234,636.872",General purpose,227.0 fps,384 GiB,96 vCPUs,5700 GB (2×2850 GB NVMe SSD),100 Gigabit,$9.1651 hourly,-,$3.0534 hourly,$13.5811 hourly,-,2026-09-23 14:20
M8IDB Double Extra Large,m8idb.2xlarge,"186,763.161",General purpose,78.0 fps,32 GiB,8 vCPUs,474 GB NVMe SSD,Up to 26.66 Gigabit,$0.7638 hourly,-,$0.3180 hourly,$1.1318 hourly,-,2026-09-23 14:20
M8IDB 32xlarge,m8idb.32xlarge,"3,157,894.737",General purpose,227.0 fps,512 GiB,128 vCPUs,7600 GB (2×3800 GB NVMe SSD),133.33 Gigabit,$12.2202 hourly,-,$3.3365 hourly,$18.1082 hourly,-,2026-09-23 14:20
M8IDB 48xlarge,m8idb.48xlarge,"4,544,916.558",General purpose,299.0 fps,768 GiB,192 vCPUs,11400 GB (3×3800 GB NVMe SSD),200 Gigabit,$18.3302 hourly,-,$5.7104 hourly,$27.1622 hourly,-,2026-09-23 14:20
M8IDB Quadruple Extra Large,m8idb.4xlarge,"377,774.28",General purpose,147.0 fps,64 GiB,16 vCPUs,950 GB NVMe SSD,Up to 33.33 Gigabit,$1.5275 hourly,-,$0.6978 hourly,$2.2635 hourly,-,2026-09-23 14:20
M8IDB Eight Extra Large,m8idb.8xlarge,"779,505.501",General purpose,224.0 fps,128 GiB,32 vCPUs,1900 GB NVMe SSD,33.33 Gigabit,$3.0550 hourly,-,$1.2197 hourly,$4.5270 hourly,-,2026-09-23 14:20
M8IDB 96xlarge,m8idb.96xlarge,"8,017,119.891",General purpose,188.0 fps,1536 GiB,384 vCPUs,22800 GB (6×3800 GB NVMe SSD),400 Gigabit,$36.6605 hourly,-,$6.5622 hourly,$54.3245 hourly,-,2026-09-23 14:20
M8IDB Large,m8idb.large,"45,736.936",General purpose,20.0 fps,8 GiB,2 vCPUs,118 GB NVMe SSD,Up to 16.66 Gigabit,$0.1909 hourly,-,$0.0516 hourly,$0.2829 hourly,-,2026-09-23 14:20
M8IDB Metal-48xl,m8idb.metal-48xl,-,General purpose,-,768 GiB,192 vCPUs,11400 GB (3×3800 GB NVMe SSD),200 Gigabit,$18.3302 hourly,-,$6.6505 hourly,$27.1622 hourly,-,2026-09-23 14:20
M8IDB Metal-96xl,m8idb.metal-96xl,-,General purpose,-,1536 GiB,384 vCPUs,22800 GB (6×3800 GB NVMe SSD),400 Gigabit,$36.6605 hourly,-,$3.8894 hourly,$54.3245 hourly,-,2026-09-23 14:20
M8IDB Extra Large,m8idb.xlarge,"97,719.87",General purpose,40.0 fps,16 GiB,4 vCPUs,237 GB NVMe SSD,Up to 20 Gigabit,$0.3819 hourly,-,$0.1363 hourly,$0.5659 hourly,-,2026-09-23 14:20
M8IDN 12xlarge Extra Large,m8idn.12xlarge,"1,156,487.17",General purpose,235.0 fps,192 GiB,48 vCPUs,2850 GB NVMe SSD,75 Gigabit,$4.5826 hourly,-,$2.0592 hourly,$6.7906 hourly,-,2026-09-23 14:20
M8IDN 16xlarge Extra Large,m8idn.16xlarge,"1,497,251.14",General purpose,246.0 fps,256 GiB,64 vCPUs,3800 GB NVMe SSD,100 Gigabit,$6.1101 hourly,-,$1.2946 hourly,$9.0541 hourly,-,2026-09-23 14:20
M8IDN 24xlarge,m8idn.24xlarge,"2,315,066.016",General purpose,278.0 fps,384 GiB,96 vCPUs,5700 GB (2×2850 GB NVMe SSD),150 Gigabit,$9.1651 hourly,-,$3.1845 hourly,$13.5811 hourly,-,2026-09-23 14:20
M8IDN Double Extra Large,m8idn.2xlarge,"189,506.1",General purpose,78.0 fps,32 GiB,8 vCPUs,474 GB NVMe SSD,Up to 40 Gigabit,$0.7638 hourly,-,$0.3016 hourly,$1.1318 hourly,-,2026-09-23 14:20
M8IDN 32xlarge,m8idn.32xlarge,"3,097,773.475",General purpose,294.0 fps,512 GiB,128 vCPUs,7600 GB (2×3800 GB NVMe SSD),200 Gigabit,$12.2202 hourly,-,$4.1454 hourly,$18.1082 hourly,-,2026-09-23 14:20
M8IDN 48xlarge,m8idn.48xlarge,"4,311,942.058",General purpose,288.0 fps,768 GiB,192 vCPUs,11400 GB (3×3800 GB NVMe SSD),300 Gigabit,$18.3302 hourly,-,$4.9354 hourly,$27.1622 hourly,-,2026-09-23 14:20
M8IDN Quadruple Extra Large,m8idn.4xlarge,"378,012.285",General purpose,145.0 fps,64 GiB,16 vCPUs,950 GB NVMe SSD,Up to 50 Gigabit,$1.5275 hourly,-,$0.7666 hourly,$2.2635 hourly,-,2026-09-23 14:20
M8IDN Eight Extra Large,m8idn.8xlarge,"767,294.089",General purpose,247.0 fps,128 GiB,32 vCPUs,1900 GB NVMe SSD,50 Gigabit,$3.0550 hourly,-,$1.2791 hourly,$4.5270 hourly,-,2026-09-23 14:20
M8IDN 96xlarge,m8idn.96xlarge,"8,919,860.627",General purpose,254.0 fps,1536 GiB,384 vCPUs,22800 GB (6×3800 GB NVMe SSD),600 Gigabit,$36.6605 hourly,-,$9.4324 hourly,$54.3245 hourly,-,2026-09-23 14:20
M8IDN Large,m8idn.large,"42,614.393",General purpose,20.0 fps,8 GiB,2 vCPUs,118 GB NVMe SSD,Up to 25 Gigabit,$0.1909 hourly,-,$0.0554 hourly,$0.2829 hourly,-,2026-09-23 14:20
M8IDN Metal-48xl,m8idn.metal-48xl,-,General purpose,-,768 GiB,192 vCPUs,11400 GB (3×3800 GB NVMe SSD),300 Gigabit,$18.3302 hourly,-,$6.4970 hourly,$27.1622 hourly,-,2026-09-23 14:20
M8IDN Metal-96xl,m8idn.metal-96xl,-,General purpose,-,1536 GiB,384 vCPUs,22800 GB (6×3800 GB NVMe SSD),600 Gigabit,$36.6605 hourly,-,$4.0939 hourly,$54.3245 hourly,-,2026-09-23 14:20
M8IDN Extra Large,m8idn.xlarge,"92,219.02",General purpose,40.0 fps,16 GiB,4 vCPUs,237 GB NVMe SSD,Up to 30 Gigabit,$0.3819 hourly,-,$0.1241 hourly,$0.5659 hourly,-,2026-09-23 14:20
M8IN 12xlarge Extra Large,m8in.12xlarge,"1,169,828.181",General purpose,269.0 fps,192 GiB,48 vCPUs,EBS only,75 Gigabit,$4.0099 hourly,-,$1.2844 hourly,$6.2179 hourly,-,2026-09-23 14:20
M8IN 16xlarge Extra Large,m8in.16xlarge,"1,499,238.668",General purpose,235.0 fps,256 GiB,64 vCPUs,EBS only,100 Gigabit,$5.3466 hourly,-,$1.7265 hourly,$8.2906 hourly,-,2026-09-23 14:20
M8IN 24xlarge,m8in.24xlarge,"2,253,653.383",General purpose,282.0 fps,384 GiB,96 vCPUs,EBS only,150 Gigabit,$8.0198 hourly,-,$2.4360 hourly,$12.4358 hourly,-,2026-09-23 14:20
M8IN Double Extra Large,m8in.2xlarge,"198,060.656",General purpose,78.0 fps,32 GiB,8 vCPUs,EBS only,Up to 40 Gigabit,$0.6683 hourly,-,$0.2355 hourly,$1.0363 hourly,-,2026-09-23 14:20
M8IN 32xlarge,m8in.32xlarge,"3,165,704.864",General purpose,303.0 fps,512 GiB,128 vCPUs,EBS only,200 Gigabit,$10.6931 hourly,-,$3.2055 hourly,$16.5811 hourly,-,2026-09-23 14:20
M8IN 48xlarge,m8in.48xlarge,"4,406,449.022",General purpose,301.0 fps,768 GiB,192 vCPUs,EBS only,300 Gigabit,$16.0397 hourly,-,$4.3461 hourly,$24.8717 hourly,-,2026-09-23 14:20
M8IN Quadruple Extra Large,m8in.4xlarge,"371,632.084",General purpose,146.0 fps,64 GiB,16 vCPUs,EBS only,Up to 50 Gigabit,$1.3366 hourly,-,$0.4676 hourly,$2.0726 hourly,-,2026-09-23 14:20
M8IN Eight Extra Large,m8in.8xlarge,"742,660.426",General purpose,249.0 fps,128 GiB,32 vCPUs,EBS only,50 Gigabit,$2.6733 hourly,-,$1.0829 hourly,$4.1453 hourly,-,2026-09-23 14:20
M8IN 96xlarge,m8in.96xlarge,"8,686,308.884",General purpose,303.0 fps,1536 GiB,384 vCPUs,EBS only,600 Gigabit,$32.0794 hourly,-,$9.3361 hourly,$49.7434 hourly,-,2026-09-23 14:20
M8IN Large,m8in.large,"47,225.502",General purpose,20.0 fps,8 GiB,2 vCPUs,EBS only,Up to 25 Gigabit,$0.1671 hourly,-,$0.0430 hourly,$0.2591 hourly,-,2026-09-23 14:20
M8IN Metal-48xl,m8in.metal-48xl,-,General purpose,-,768 GiB,192 vCPUs,EBS only,300 Gigabit,$16.0397 hourly,-,$2.0710 hourly,$24.8717 hourly,-,2026-09-23 14:20
M8IN Metal-96xl,m8in.metal-96xl,-,General purpose,-,1536 GiB,384 vCPUs,EBS only,600 Gigabit,$32.0794 hourly,-,$3.2079 hourly,$49.7434 hourly,-,2026-09-23 14:20
M8IN Extra Large,m8in.xlarge,"97,205.346",General purpose,39.0 fps,16 GiB,4 vCPUs,EBS only,Up to 30 Gigabit,$0.3342 hourly,-,$0.1005 hourly,$0.5182 hourly,-,2026-09-23 14:20
M8INE 12xlarge Extra Large,m8ine.12xlarge,"1,130,742.049",General purpose,108.0 fps,192 GiB,48 vCPUs,EBS only,75 Gigabit,$5.0124 hourly,-,$1.7559 hourly,$7.2204 hourly,-,2026-09-23 14:20
M8INE Double Extra Large,m8ine.2xlarge,"193,038.547",General purpose,76.0 fps,32 GiB,8 vCPUs,EBS only,12.5 Gigabit,$0.8354 hourly,-,$0.3130 hourly,$1.2034 hourly,-,2026-09-23 14:20
M8INE Quadruple Extra Large,m8ine.4xlarge,"385,472.505",General purpose,113.0 fps,64 GiB,16 vCPUs,EBS only,25 Gigabit,$1.6708 hourly,-,$0.6755 hourly,$2.4068 hourly,-,2026-09-23 14:20
M8INE Eight Extra Large,m8ine.8xlarge,"798,801.797",General purpose,119.0 fps,128 GiB,32 vCPUs,EBS only,50 Gigabit,$3.3416 hourly,-,$1.2103 hourly,$4.8136 hourly,-,2026-09-23 14:20
M8INE Large,m8ine.large,"47,221.785",General purpose,21.0 fps,8 GiB,2 vCPUs,EBS only,3.125 Gigabit,$0.2089 hourly,-,$0.0510 hourly,$0.3009 hourly,-,2026-09-23 14:20
M8INE Extra Large,m8ine.xlarge,"97,331.495",General purpose,39.0 fps,16 GiB,4 vCPUs,EBS only,6.25 Gigabit,$0.4177 hourly,-,$0.1245 hourly,$0.6017 hourly,-,2026-09-23 14:20
M9G 12xlarge Extra Large,m9g.12xlarge,"1,757,705.218",General purpose,376.0 fps,192 GiB,48 vCPUs,EBS only,25 Gigabit,$2.3482 hourly,-,$0.6866 hourly,-,-,2026-09-23 14:20
M9G 16xlarge Extra Large,m9g.16xlarge,"2,328,542.842",General purpose,378.0 fps,256 GiB,64 vCPUs,EBS only,34 Gigabit,$3.1309 hourly,-,$0.9652 hourly,-,-,2026-09-23 14:20
M9G 24xlarge,m9g.24xlarge,"3,487,949.619",General purpose,380.0 fps,384 GiB,96 vCPUs,EBS only,50 Gigabit,$4.6963 hourly,-,$1.4679 hourly,-,-,2026-09-23 14:20
M9G Double Extra Large,m9g.2xlarge,"290,293.317",General purpose,115.0 fps,32 GiB,8 vCPUs,EBS only,Up to 17 Gigabit,$0.3914 hourly,-,$0.1756 hourly,-,-,2026-09-23 14:20
M9G 48xlarge,m9g.48xlarge,"6,999,210.159",General purpose,371.0 fps,768 GiB,192 vCPUs,EBS only,100 Gigabit,$9.3926 hourly,-,$2.7822 hourly,-,-,2026-09-23 14:20
M9G Quadruple Extra Large,m9g.4xlarge,"575,194.727",General purpose,200.0 fps,64 GiB,16 vCPUs,EBS only,Up to 17 Gigabit,$0.7827 hourly,-,$0.3130 hourly,-,-,2026-09-23 14:20
M9G Eight Extra Large,m9g.8xlarge,"1,176,038.221",General purpose,328.0 fps,128 GiB,32 vCPUs,EBS only,17 Gigabit,$1.5654 hourly,-,$0.5149 hourly,-,-,2026-09-23 14:20
M9G Large,m9g.large,"71,985.603",General purpose,30.0 fps,8 GiB,2 vCPUs,EBS only,Up to 15 Gigabit,$0.0978 hourly,-,$0.0403 hourly,-,-,2026-09-23 14:20
M9G Medium,m9g.medium,"34,414.523",General purpose,-,4 GiB,1 vCPUs,EBS only,Up to 15 Gigabit,$0.0489 hourly,-,$0.0134 hourly,-,-,2026-09-23 14:20
M9G Metal-48xl,m9g.metal-48xl,"5,972,006.221",General purpose,307.0 fps,768 GiB,192 vCPUs,EBS only,100 Gigabit,$9.3926 hourly,-,$1.8153 hourly,-,-,2026-09-23 14:20
M9G Extra Large,m9g.xlarge,"145,914.397",General purpose,58.0 fps,16 GiB,4 vCPUs,EBS only,Up to 15 Gigabit,$0.1957 hourly,-,$0.0891 hourly,-,-,2026-09-23 14:20
M9GD 12xlarge Extra Large,m9gd.12xlarge,"1,698,113.208",General purpose,207.0 fps,192 GiB,48 vCPUs,2850 GB (3×950 GB NVMe SSD),25 Gigabit,$3.0168 hourly,-,$0.4290 hourly,-,-,2026-09-23 14:20
M9GD 16xlarge Extra Large,m9gd.16xlarge,"2,370,516.699",General purpose,206.0 fps,256 GiB,64 vCPUs,3800 GB NVMe SSD,34 Gigabit,$4.0224 hourly,-,$0.6359 hourly,-,-,2026-09-23 14:20
M9GD 24xlarge,m9gd.24xlarge,"3,384,452.671",General purpose,213.0 fps,384 GiB,96 vCPUs,5700 GB (3×1900 GB NVMe SSD),50 Gigabit,$6.0336 hourly,-,$1.6345 hourly,-,-,2026-09-23 14:20
M9GD Double Extra Large,m9gd.2xlarge,"290,820.963",General purpose,115.0 fps,32 GiB,8 vCPUs,474 GB NVMe SSD,Up to 17 Gigabit,$0.5028 hourly,-,$0.1571 hourly,-,-,2026-09-23 14:20
M9GD 48xlarge,m9gd.48xlarge,"7,011,990.992",General purpose,361.0 fps,768 GiB,192 vCPUs,11400 GB (3×3800 GB NVMe SSD),100 Gigabit,$12.0672 hourly,-,$2.7123 hourly,-,-,2026-09-23 14:20
M9GD Quadruple Extra Large,m9gd.4xlarge,"575,298.136",General purpose,202.0 fps,64 GiB,16 vCPUs,950 GB NVMe SSD,Up to 17 Gigabit,$1.0056 hourly,-,$0.2743 hourly,-,-,2026-09-23 14:20
M9GD Eight Extra Large,m9gd.8xlarge,"1,147,844.802",General purpose,322.0 fps,128 GiB,32 vCPUs,1900 GB NVMe SSD,17 Gigabit,$2.0112 hourly,-,$0.5326 hourly,-,-,2026-09-23 14:20
M9GD Large,m9gd.large,"72,661.217",General purpose,30.0 fps,8 GiB,2 vCPUs,118 GB NVMe SSD,Up to 15 Gigabit,$0.1257 hourly,-,$0.0396 hourly,-,-,2026-09-23 14:20
M9GD Medium,m9gd.medium,"36,746.693",General purpose,-,4 GiB,1 vCPUs,59 GB NVMe SSD,Up to 15 Gigabit,$0.0629 hourly,-,$0.0152 hourly,-,-,2026-09-23 14:20
M9GD Metal-48xl,m9gd.metal-48xl,"6,687,953.556",General purpose,384.0 fps,768 GiB,192 vCPUs,11400 GB (3×3800 GB NVMe SSD),100 Gigabit,$12.0672 hourly,-,$1.3204 hourly,-,-,2026-09-23 14:20
M9GD Extra Large,m9gd.xlarge,"144,709.074",General purpose,59.0 fps,16 GiB,4 vCPUs,237 GB NVMe SSD,Up to 15 Gigabit,$0.2514 hourly,-,$0.0750 hourly,-,-,2026-09-23 14:20
MAC-M3ULTRA Metal,mac-m3ultra.metal,-,General purpose,-,256 GiB,28 vCPUs,EBS only,10 Gigabit,-,-,-,-,-,2026-09-23 14:20
MAC-M4 Metal,mac-m4.metal,-,General purpose,-,24 GiB,10 vCPUs,1900 GB NVMe SSD,10 Gigabit,-,-,-,-,-,2026-09-23 14:20
MAC-M4MAX Metal,mac-m4max.metal,-,General purpose,-,128 GiB,16 vCPUs,EBS only,10 Gigabit,-,-,-,-,-,2026-09-23 14:20
MAC-M4PRO Metal,mac-m4pro.metal,-,General purpose,-,48 GiB,14 vCPUs,1900 GB NVMe SSD,10 Gigabit,-,-,-,-,-,2026-09-23 14:20
MAC1 Metal,mac1.metal,-,General purpose,-,32 GiB,12 vCPUs,EBS only,25 Gigabit,-,-,-,-,-,2026-09-23 14:20
MAC2-M1ULTRA Metal,mac2-m1ultra.metal,-,General purpose,-,128 GiB,20 vCPUs,EBS only,10 Gigabit,-,-,-,-,-,2026-09-23 14:20
MAC2-M2 Metal,mac2-m2.metal,-,General purpose,-,24 GiB,8 vCPUs,EBS only,10 Gigabit,-,-,-,-,-,2026-09-23 14:20
MAC2-M2PRO Metal,mac2-m2pro.metal,-,General purpose,-,32 GiB,12 vCPUs,EBS only,10 Gigabit,-,-,-,-,-,2026-09-23 14:20
MAC2 Metal,mac2.metal,-,General purpose,-,16 GiB,8 vCPUs,EBS only,10 Gigabit,-,-,-,-,-,2026-09-23 14:20
P2 General Purpose GPU 16xlarge Extra Large,p2.16xlarge,-,GPU instance,-,732 GiB,64 vCPUs,EBS only,20 Gigabit,$14.4000 hourly,-,-,$17.3440 hourly,-,2026-09-23 14:20
P2 General Purpose GPU Eight Extra Large,p2.8xlarge,-,GPU instance,-,488 GiB,32 vCPUs,EBS only,10 Gigabit,$7.2000 hourly,-,-,$8.6720 hourly,-,2026-09-23 14:20
P2 General Purpose GPU Extra Large,p2.xlarge,-,GPU instance,-,61 GiB,4 vCPUs,EBS only,High,$0.9000 hourly,-,-,$1.0840 hourly,-,2026-09-23 14:20
P3 High Performance GPU 16xlarge Extra Large,p3.16xlarge,-,GPU instance,-,488 GiB,64 vCPUs,EBS only,25 Gigabit,$24.4800 hourly,-,-,$27.4240 hourly,-,2026-09-23 14:20
P3 High Performance GPU Double Extra Large,p3.2xlarge,-,GPU instance,-,61 GiB,8 vCPUs,EBS only,Up to 10 Gigabit,$3.0600 hourly,-,-,$3.4280 hourly,-,2026-09-23 14:20
P3 High Performance GPU Eight Extra Large,p3.8xlarge,-,GPU instance,-,244 GiB,32 vCPUs,EBS only,10 Gigabit,$12.2400 hourly,-,-,$13.7120 hourly,-,2026-09-23 14:20
P3DN 24xlarge,p3dn.24xlarge,"1,323,529.412",GPU instance,162.0 fps,768 GiB,96 vCPUs,1800 GB (2×900 GB NVMe SSD),100 Gigabit,$31.2120 hourly,$19.2150 hourly,$3.8442 hourly,$35.6280 hourly,$23.6310 hourly,2026-09-23 14:20
P4D Highest Performance GPU 24xlarge,p4d.24xlarge,"1,593,360.996",GPU instance,-,1152 GiB,96 vCPUs,8000 GB (8×1000 GB NVMe SSD),4x 100 Gigabit,$21.9576 hourly,$13.9211 hourly,$12.5912 hourly,-,-,2026-09-23 14:20
P4DE 24xlarge,p4de.24xlarge,"1,557,493.409",GPU instance,-,1152 GiB,96 vCPUs,8000 GB (8×1000 GB NVMe SSD),4x 100 Gigabit,$27.4471 hourly,$17.4014 hourly,$21.9627 hourly,-,-,2026-09-23 14:20
P5 48xlarge,p5.48xlarge,"3,900,325.027",GPU instance,-,2048 GiB,192 vCPUs,30400 GB (8×3800 GB NVMe SSD),3200 Gigabit,$55.0400 hourly,-,$20.3079 hourly,-,-,2026-09-23 14:20
P5 Quadruple Extra Large,p5.4xlarge,-,GPU instance,-,256 GiB,16 vCPUs,3800 GB NVMe SSD,100 Gigabit,$6.8800 hourly,-,$2.6295 hourly,$7.6160 hourly,-,2026-09-23 14:20
P5en High Performance Computing GPU 48xlarge,p5en.48xlarge,-,GPU instance,-,2048 GiB,192 vCPUs,30400 GB (8×3800 GB NVMe SSD),3200 Gigabit,$63.2960 hourly,-,$27.0648 hourly,-,-,2026-09-23 14:20
P6-B200 High Performance and Machine Learning GPU 48xlarge,p6-b200.48xlarge,"3,990,024.938",GPU instance,-,2048 GiB,192 vCPUs,30400 GB (8×3800 GB NVMe SSD),3200 Gigabit,$113.9328 hourly,-,$42.3547 hourly,-,-,2026-09-23 14:20
P6-B300 48xlarge,p6-b300.48xlarge,-,GPU instance,-,4096 GiB,192 vCPUs,30400 GB (8×3800 GB NVMe SSD),6400 Gigabit,$142.4160 hourly,-,$44.6845 hourly,-,-,2026-09-23 14:20
P6E-GB200 36xlarge,p6e-gb200.36xlarge,-,GPU instance,-,960 GiB,144 vCPUs,EBS only,1700 Gigabit,-,-,-,-,-,2026-09-23 14:20
R3 High-Memory Double Extra Large,r3.2xlarge,"119,290.223",Memory optimized,42.0 fps,61 GiB,8 vCPUs,160 GB SSD,High,$0.6650 hourly,$0.4180 hourly,$0.1930 hourly,$1.0450 hourly,$0.8240 hourly,2026-09-23 14:20
R3 High-Memory Quadruple Extra Large,r3.4xlarge,"237,154.15",Memory optimized,78.0 fps,122 GiB,16 vCPUs,320 GB SSD,High,$1.3300 hourly,$0.8360 hourly,$0.3222 hourly,$1.9440 hourly,$1.4900 hourly,2026-09-23 14:20
R3 High-Memory Eight Extra Large,r3.8xlarge,"480,408.347",Memory optimized,141.0 fps,244 GiB,32 vCPUs,640 GB (2×320 GB SSD),10 Gigabit,$2.6600 hourly,$1.6720 hourly,$0.7301 hourly,$3.5000 hourly,$1.9890 hourly,2026-09-23 14:20
R3 High-Memory Large,r3.large,"29,617.929",Memory optimized,11.0 fps,15.25 GiB,2 vCPUs,32 GB SSD,Moderate,$0.1660 hourly,$0.1050 hourly,$0.0504 hourly,$0.2910 hourly,$0.2380 hourly,2026-09-23 14:20
R3 High-Memory Extra Large,r3.xlarge,"60,682.68",Memory optimized,22.0 fps,30.5 GiB,4 vCPUs,80 GB SSD,Moderate,$0.3330 hourly,$0.2090 hourly,$0.0922 hourly,$0.5830 hourly,$0.4280 hourly,2026-09-23 14:20
R4 High-Memory 16xlarge Extra Large,r4.16xlarge,"1,122,216.377",Memory optimized,213.0 fps,488 GiB,64 vCPUs,EBS only,25 Gigabit,$4.2560 hourly,$2.6880 hourly,$1.2330 hourly,$7.2000 hourly,$5.6320 hourly,2026-09-23 14:20
R4 High-Memory Double Extra Large,r4.2xlarge,"105,899.484",Memory optimized,34.0 fps,61 GiB,8 vCPUs,EBS only,Up to 10 Gigabit,$0.5320 hourly,$0.3360 hourly,$0.1631 hourly,$0.9000 hourly,$0.7040 hourly,2026-09-23 14:20
R4 High-Memory Quadruple Extra Large,r4.4xlarge,"238,912.946",Memory optimized,79.0 fps,122 GiB,16 vCPUs,EBS only,Up to 10 Gigabit,$1.0640 hourly,$0.6720 hourly,$0.3332 hourly,$1.8000 hourly,$1.4080 hourly,2026-09-23 14:20
R4 High-Memory Eight Extra Large,r4.8xlarge,"467,745.079",Memory optimized,127.0 fps,244 GiB,32 vCPUs,EBS only,10 Gigabit,$2.1280 hourly,$1.3440 hourly,$0.6542 hourly,$3.6000 hourly,$2.8160 hourly,2026-09-23 14:20
R4 High-Memory Large,r4.large,"26,099.439",Memory optimized,9.7 fps,15.25 GiB,2 vCPUs,EBS only,Up to 10 Gigabit,$0.1330 hourly,$0.0840 hourly,$0.0430 hourly,$0.2250 hourly,$0.1760 hourly,2026-09-23 14:20
R4 High-Memory Extra Large,r4.xlarge,"54,704.595",Memory optimized,20.0 fps,30.5 GiB,4 vCPUs,EBS only,Up to 10 Gigabit,$0.2660 hourly,$0.1680 hourly,$0.0992 hourly,$0.4500 hourly,$0.3520 hourly,2026-09-23 14:20
R5 12xlarge Extra Large,r5.12xlarge,"703,743.525",Memory optimized,158.0 fps,384 GiB,48 vCPUs,EBS only,12 Gigabit,$3.0240 hourly,$1.9050 hourly,$0.7656 hourly,$5.2320 hourly,$4.1130 hourly,2026-09-23 14:20
R5 16xlarge Extra Large,r5.16xlarge,"928,657.799",Memory optimized,163.0 fps,512 GiB,64 vCPUs,EBS only,20 Gigabit,$4.0320 hourly,$2.5400 hourly,$0.5362 hourly,$6.9760 hourly,$5.4840 hourly,2026-09-23 14:20
R5 24xlarge,r5.24xlarge,"1,351,398.909",Memory optimized,177.0 fps,768 GiB,96 vCPUs,EBS only,25 Gigabit,$6.0480 hourly,$3.8100 hourly,$1.5331 hourly,$10.4640 hourly,$8.2260 hourly,2026-09-23 14:20
R5 Double Extra Large,r5.2xlarge,"109,920.308",Memory optimized,39.0 fps,64 GiB,8 vCPUs,EBS only,Up to 10 Gigabit,$0.5040 hourly,$0.3180 hourly,$0.1749 hourly,$0.8720 hourly,$0.6860 hourly,2026-09-23 14:20
R5 Quadruple Extra Large,r5.4xlarge,"225,035.162",Memory optimized,77.0 fps,128 GiB,16 vCPUs,EBS only,Up to 10 Gigabit,$1.0080 hourly,$0.6350 hourly,$0.3471 hourly,$1.7440 hourly,$1.3710 hourly,2026-09-23 14:20
R5 Eight Extra Large,r5.8xlarge,"449,290.963",Memory optimized,134.0 fps,256 GiB,32 vCPUs,EBS only,10 Gigabit,$2.0160 hourly,$1.2700 hourly,$0.5593 hourly,$3.4880 hourly,$2.7420 hourly,2026-09-23 14:20
R5 Large,r5.large,"29,155.936",Memory optimized,11.0 fps,16 GiB,2 vCPUs,EBS only,Up to 10 Gigabit,$0.1260 hourly,$0.0790 hourly,$0.0474 hourly,$0.2180 hourly,$0.1710 hourly,2026-09-23 14:20
R5 Metal,r5.metal,"1,310,893.387",Memory optimized,176.0 fps,768 GiB,96 vCPUs,EBS only,25 Gigabit,$6.0480 hourly,$3.8100 hourly,$1.5933 hourly,$10.4640 hourly,$8.2260 hourly,2026-09-23 14:20
R5 Extra Large,r5.xlarge,"58,306.205",Memory optimized,20.0 fps,32 GiB,4 vCPUs,EBS only,Up to 10 Gigabit,$0.2520 hourly,$0.1590 hourly,$0.0662 hourly,$0.4360 hourly,$0.3430 hourly,2026-09-23 14:20
R5A 12xlarge Extra Large,r5a.12xlarge,"635,004.63",Memory optimized,107.0 fps,384 GiB,48 vCPUs,EBS only,10 Gigabit,$2.7120 hourly,$1.7090 hourly,$1.0513 hourly,$4.9200 hourly,$3.9170 hourly,2026-09-23 14:20
R5A 16xlarge Extra Large,r5a.16xlarge,"825,593.395",Memory optimized,107.0 fps,512 GiB,64 vCPUs,EBS only,12 Gigabit,$3.6160 hourly,$2.2780 hourly,$1.0180 hourly,$6.5600 hourly,$5.2220 hourly,2026-09-23 14:20
R5A 24xlarge,r5a.24xlarge,"1,175,174.44",Memory optimized,115.0 fps,768 GiB,96 vCPUs,EBS only,20 Gigabit,$5.4240 hourly,$3.4170 hourly,$2.0519 hourly,$9.8400 hourly,$7.8330 hourly,2026-09-23 14:20
R5A Double Extra Large,r5a.2xlarge,"104,404.568",Memory optimized,37.0 fps,64 GiB,8 vCPUs,EBS only,Up to 10 Gigabit,$0.4520 hourly,$0.2850 hourly,$0.2030 hourly,$0.8200 hourly,$0.6530 hourly,2026-09-23 14:20
R5A Quadruple Extra Large,r5a.4xlarge,"209,918.657",Memory optimized,67.0 fps,128 GiB,16 vCPUs,EBS only,Up to 10 Gigabit,$0.9040 hourly,$0.5700 hourly,$0.3839 hourly,$1.6400 hourly,$1.3060 hourly,2026-09-23 14:20
R5A Eight Extra Large,r5a.8xlarge,"407,695.248",Memory optimized,99.0 fps,256 GiB,32 vCPUs,EBS only,Up to 10 Gigabit,$1.8080 hourly,$1.1390 hourly,$0.6257 hourly,$3.2800 hourly,$2.6110 hourly,2026-09-23 14:20
R5A Large,r5a.large,"26,305.406",Memory optimized,9.6 fps,16 GiB,2 vCPUs,EBS only,Up to 10 Gigabit,$0.1130 hourly,$0.0710 hourly,$0.0396 hourly,$0.2050 hourly,$0.1630 hourly,2026-09-23 14:20
R5A Extra Large,r5a.xlarge,"53,565.45",Memory optimized,19.0 fps,32 GiB,4 vCPUs,EBS only,Up to 10 Gigabit,$0.2260 hourly,$0.1420 hourly,$0.0918 hourly,$0.4100 hourly,$0.3260 hourly,2026-09-23 14:20
R5AD 12xlarge Extra Large,r5ad.12xlarge,"617,178.124",Memory optimized,111.0 fps,384 GiB,48 vCPUs,1800 GB (2×900 GB NVMe SSD),10 Gigabit,$3.1440 hourly,$1.9810 hourly,$1.0895 hourly,$5.3520 hourly,$4.1890 hourly,2026-09-23 14:20
R5AD 16xlarge Extra Large,r5ad.16xlarge,"824,529.76",Memory optimized,117.0 fps,512 GiB,64 vCPUs,2400 GB (4×600 GB NVMe SSD),12 Gigabit,$4.1920 hourly,$2.6410 hourly,$1.1379 hourly,$7.1360 hourly,$5.5850 hourly,2026-09-23 14:20
R5AD 24xlarge,r5ad.24xlarge,"1,255,066.022",Memory optimized,112.0 fps,768 GiB,96 vCPUs,3600 GB (4×900 GB NVMe SSD),20 Gigabit,$6.2880 hourly,$3.9610 hourly,$1.7811 hourly,$10.7040 hourly,$8.3770 hourly,2026-09-23 14:20
R5AD Double Extra Large,r5ad.2xlarge,"102,362.876",Memory optimized,37.0 fps,64 GiB,8 vCPUs,300 GB NVMe SSD,Up to 10 Gigabit,$0.5240 hourly,$0.3300 hourly,$0.1946 hourly,$0.8920 hourly,$0.6980 hourly,2026-09-23 14:20
R5AD Quadruple Extra Large,r5ad.4xlarge,"209,218.699",Memory optimized,68.0 fps,128 GiB,16 vCPUs,600 GB (2×300 GB NVMe SSD),Up to 10 Gigabit,$1.0480 hourly,$0.6600 hourly,$0.3900 hourly,$1.7840 hourly,$1.3960 hourly,2026-09-23 14:20
R5AD Eight Extra Large,r5ad.8xlarge,"399,052.251",Memory optimized,100.0 fps,256 GiB,32 vCPUs,1200 GB (2×600 GB NVMe SSD),Up to 10 Gigabit,$2.0960 hourly,$1.3200 hourly,$0.6784 hourly,$3.5680 hourly,$2.7920 hourly,2026-09-23 14:20
R5AD Large,r5ad.large,"26,638.253",Memory optimized,9.6 fps,16 GiB,2 vCPUs,75 GB NVMe SSD,Up to 10 Gigabit,$0.1310 hourly,$0.0830 hourly,$0.0431 hourly,$0.2230 hourly,$0.1750 hourly,2026-09-23 14:20
R5AD Extra Large,r5ad.xlarge,"51,880.674",Memory optimized,19.0 fps,32 GiB,4 vCPUs,150 GB NVMe SSD,Up to 10 Gigabit,$0.2620 hourly,$0.1650 hourly,$0.1093 hourly,$0.4460 hourly,$0.3490 hourly,2026-09-23 14:20
R5B 12xlarge Extra Large,r5b.12xlarge,-,Memory optimized,-,384 GiB,48 vCPUs,EBS only,12 Gigabit,$3.5760 hourly,$2.2529 hourly,$1.3279 hourly,$5.7840 hourly,$4.4609 hourly,2026-09-23 14:20
R5B 16xlarge Extra Large,r5b.16xlarge,-,Memory optimized,-,512 GiB,64 vCPUs,EBS only,20 Gigabit,$4.7680 hourly,$3.0038 hourly,$1.9922 hourly,$7.7120 hourly,$5.9478 hourly,2026-09-23 14:20
R5B 24xlarge,r5b.24xlarge,-,Memory optimized,-,768 GiB,96 vCPUs,EBS only,25 Gigabit,$7.1520 hourly,$4.5058 hourly,$2.9385 hourly,$11.5680 hourly,$8.9218 hourly,2026-09-23 14:20
R5B Double Extra Large,r5b.2xlarge,-,Memory optimized,-,64 GiB,8 vCPUs,EBS only,Up to 10 Gigabit,$0.5960 hourly,$0.3755 hourly,$0.2733 hourly,$0.9640 hourly,$0.7435 hourly,2026-09-23 14:20
R5B Quadruple Extra Large,r5b.4xlarge,-,Memory optimized,-,128 GiB,16 vCPUs,EBS only,Up to 10 Gigabit,$1.1920 hourly,$0.7510 hourly,$0.5084 hourly,$1.9280 hourly,$1.4870 hourly,2026-09-23 14:20
R5B Eight Extra Large,r5b.8xlarge,-,Memory optimized,-,256 GiB,32 vCPUs,EBS only,10 Gigabit,$2.3840 hourly,$1.5019 hourly,$0.9939 hourly,$3.8560 hourly,$2.9739 hourly,2026-09-23 14:20
R5B Large,r5b.large,-,Memory optimized,-,16 GiB,2 vCPUs,EBS only,Up to 10 Gigabit,$0.1490 hourly,$0.0939 hourly,$0.0469 hourly,$0.2410 hourly,$0.1859 hourly,2026-09-23 14:20
R5B Metal,r5b.metal,-,Memory optimized,-,768 GiB,96 vCPUs,EBS only,25 Gigabit,$7.1520 hourly,$4.5058 hourly,$2.0674 hourly,$11.5680 hourly,$8.9218 hourly,2026-09-23 14:20
R5B Extra Large,r5b.xlarge,-,Memory optimized,-,32 GiB,4 vCPUs,EBS only,Up to 10 Gigabit,$0.2980 hourly,$0.1877 hourly,$0.1175 hourly,$0.4820 hourly,$0.3717 hourly,2026-09-23 14:20
R5D 12xlarge Extra Large,r5d.12xlarge,"685,714.286",Memory optimized,159.0 fps,384 GiB,48 vCPUs,1800 GB (2×900 GB NVMe SSD),12 Gigabit,$3.4560 hourly,$2.1770 hourly,$1.0663 hourly,$5.6640 hourly,$4.3850 hourly,2026-09-23 14:20
R5D 16xlarge Extra Large,r5d.16xlarge,"919,188.051",Memory optimized,164.0 fps,512 GiB,64 vCPUs,2400 GB (4×600 GB NVMe SSD),20 Gigabit,$4.6080 hourly,$2.9030 hourly,$1.0927 hourly,$7.5520 hourly,$5.8470 hourly,2026-09-23 14:20
R5D 24xlarge,r5d.24xlarge,"1,345,951.63",Memory optimized,173.0 fps,768 GiB,96 vCPUs,3600 GB (4×900 GB NVMe SSD),25 Gigabit,$6.9120 hourly,$4.3550 hourly,$2.1581 hourly,$11.3280 hourly,$8.7710 hourly,2026-09-23 14:20
R5D Double Extra Large,r5d.2xlarge,"116,138.398",Memory optimized,39.0 fps,64 GiB,8 vCPUs,300 GB NVMe SSD,Up to 10 Gigabit,$0.5760 hourly,$0.3630 hourly,$0.2621 hourly,$0.9440 hourly,$0.7310 hourly,2026-09-23 14:20
R5D Quadruple Extra Large,r5d.4xlarge,"232,862.757",Memory optimized,77.0 fps,128 GiB,16 vCPUs,600 GB (2×300 GB NVMe SSD),Up to 10 Gigabit,$1.1520 hourly,$0.7260 hourly,$0.5806 hourly,$1.8880 hourly,$1.4620 hourly,2026-09-23 14:20
R5D Eight Extra Large,r5d.8xlarge,"467,085.097",Memory optimized,133.0 fps,256 GiB,32 vCPUs,1200 GB (2×600 GB NVMe SSD),10 Gigabit,$2.3040 hourly,$1.4520 hourly,$0.8034 hourly,$3.7760 hourly,$2.9240 hourly,2026-09-23 14:20
R5D Large,r5d.large,"28,203.441",Memory optimized,11.0 fps,16 GiB,2 vCPUs,75 GB NVMe SSD,Up to 10 Gigabit,$0.1440 hourly,$0.0910 hourly,$0.0540 hourly,$0.2360 hourly,$0.1830 hourly,2026-09-23 14:20
R5D Metal,r5d.metal,"1,303,816.379",Memory optimized,170.0 fps,768 GiB,96 vCPUs,3600 GB (4×900 GB NVMe SSD),25 Gigabit,$6.9120 hourly,$4.3550 hourly,$1.8635 hourly,$11.3280 hourly,$8.7710 hourly,2026-09-23 14:20
R5D Extra Large,r5d.xlarge,"58,662.495",Memory optimized,20.0 fps,32 GiB,4 vCPUs,150 GB NVMe SSD,Up to 10 Gigabit,$0.2880 hourly,$0.1810 hourly,$0.1557 hourly,$0.4720 hourly,$0.3650 hourly,2026-09-23 14:20
R5DN 12xlarge Extra Large,r5dn.12xlarge,-,Memory optimized,-,384 GiB,48 vCPUs,1800 GB (2×900 GB NVMe SSD),50 Gigabit,$4.0080 hourly,$2.5250 hourly,$1.2101 hourly,$6.2160 hourly,$4.7330 hourly,2026-09-23 14:20
R5DN 16xlarge Extra Large,r5dn.16xlarge,-,Memory optimized,-,512 GiB,64 vCPUs,2400 GB (4×600 GB NVMe SSD),75 Gigabit,$5.3440 hourly,$3.3670 hourly,$1.1386 hourly,$8.2880 hourly,$6.3110 hourly,2026-09-23 14:20
R5DN 24xlarge,r5dn.24xlarge,-,Memory optimized,-,768 GiB,96 vCPUs,3600 GB (4×900 GB NVMe SSD),100 Gigabit,$8.0160 hourly,$5.0500 hourly,$2.0806 hourly,$12.4320 hourly,$9.4660 hourly,2026-09-23 14:20
R5DN Double Extra Large,r5dn.2xlarge,-,Memory optimized,-,64 GiB,8 vCPUs,300 GB NVMe SSD,Up to 25 Gigabit,$0.6680 hourly,$0.4210 hourly,$0.2778 hourly,$1.0360 hourly,$0.7890 hourly,2026-09-23 14:20
R5DN Quadruple Extra Large,r5dn.4xlarge,-,Memory optimized,-,128 GiB,16 vCPUs,600 GB (2×300 GB NVMe SSD),Up to 25 Gigabit,$1.3360 hourly,$0.8420 hourly,$0.5370 hourly,$2.0720 hourly,$1.5780 hourly,2026-09-23 14:20
R5DN Eight Extra Large,r5dn.8xlarge,-,Memory optimized,-,256 GiB,32 vCPUs,1200 GB (2×600 GB NVMe SSD),25 Gigabit,$2.6720 hourly,$1.6830 hourly,$0.8026 hourly,$4.1440 hourly,$3.1550 hourly,2026-09-23 14:20
R5DN Large,r5dn.large,-,Memory optimized,-,16 GiB,2 vCPUs,75 GB NVMe SSD,Up to 25 Gigabit,$0.1670 hourly,$0.1050 hourly,$0.0439 hourly,$0.2590 hourly,$0.1970 hourly,2026-09-23 14:20
R5DN Metal,r5dn.metal,-,Memory optimized,-,768 GiB,96 vCPUs,3600 GB (4×900 GB NVMe SSD),100 Gigabit,$8.0160 hourly,$5.0500 hourly,$2.1203 hourly,$12.4320 hourly,$9.4660 hourly,2026-09-23 14:20
R5DN Extra Large,r5dn.xlarge,-,Memory optimized,-,32 GiB,4 vCPUs,150 GB NVMe SSD,Up to 25 Gigabit,$0.3340 hourly,$0.2100 hourly,$0.1785 hourly,$0.5180 hourly,$0.3940 hourly,2026-09-23 14:20
R5N 12xlarge Extra Large,r5n.12xlarge,"719,172.951",Memory optimized,158.0 fps,384 GiB,48 vCPUs,EBS only,50 Gigabit,$3.5760 hourly,$2.2530 hourly,$1.2252 hourly,$5.7840 hourly,$4.4610 hourly,2026-09-23 14:20
R5N 16xlarge Extra Large,r5n.16xlarge,"911,940.724",Memory optimized,160.0 fps,512 GiB,64 vCPUs,EBS only,75 Gigabit,$4.7680 hourly,$3.0040 hourly,$0.8106 hourly,$7.7120 hourly,$5.9480 hourly,2026-09-23 14:20
R5N 24xlarge,r5n.24xlarge,"1,355,214.399",Memory optimized,176.0 fps,768 GiB,96 vCPUs,EBS only,100 Gigabit,$7.1520 hourly,$4.5060 hourly,$2.0247 hourly,$11.5680 hourly,$8.9220 hourly,2026-09-23 14:20
R5N Double Extra Large,r5n.2xlarge,"122,906.745",Memory optimized,47.0 fps,64 GiB,8 vCPUs,EBS only,Up to 25 Gigabit,$0.5960 hourly,$0.3750 hourly,$0.2469 hourly,$0.9640 hourly,$0.7430 hourly,2026-09-23 14:20
R5N Quadruple Extra Large,r5n.4xlarge,"223,630.265",Memory optimized,77.0 fps,128 GiB,16 vCPUs,EBS only,Up to 25 Gigabit,$1.1920 hourly,$0.7510 hourly,$0.4212 hourly,$1.9280 hourly,$1.4870 hourly,2026-09-23 14:20
R5N Eight Extra Large,r5n.8xlarge,"448,514.296",Memory optimized,135.0 fps,256 GiB,32 vCPUs,EBS only,25 Gigabit,$2.3840 hourly,$1.5020 hourly,$0.6942 hourly,$3.8560 hourly,$2.9740 hourly,2026-09-23 14:20
R5N Large,r5n.large,"30,237.363",Memory optimized,12.0 fps,16 GiB,2 vCPUs,EBS only,Up to 25 Gigabit,$0.1490 hourly,$0.0940 hourly,$0.0454 hourly,$0.2410 hourly,$0.1860 hourly,2026-09-23 14:20
R5N Metal,r5n.metal,"1,321,767.865",Memory optimized,176.0 fps,768 GiB,96 vCPUs,EBS only,100 Gigabit,$7.1520 hourly,$4.5060 hourly,$1.0693 hourly,$11.5680 hourly,$8.9220 hourly,2026-09-23 14:20
R5N Extra Large,r5n.xlarge,"59,946.049",Memory optimized,20.0 fps,32 GiB,4 vCPUs,EBS only,Up to 25 Gigabit,$0.2980 hourly,$0.1880 hourly,$0.1238 hourly,$0.4820 hourly,$0.3720 hourly,2026-09-23 14:20
R6A 12xlarge Extra Large,r6a.12xlarge,"1,064,183.572",Memory optimized,217.0 fps,384 GiB,48 vCPUs,EBS only,18.75 Gigabit,$2.7216 hourly,$1.8003 hourly,$0.8237 hourly,$4.9296 hourly,$4.0083 hourly,2026-09-23 14:20
R6A 16xlarge Extra Large,r6a.16xlarge,"1,375,456.695",Memory optimized,225.0 fps,512 GiB,64 vCPUs,EBS only,25 Gigabit,$3.6288 hourly,$2.4005 hourly,$0.6332 hourly,$6.5728 hourly,$5.3445 hourly,2026-09-23 14:20
R6A 24xlarge,r6a.24xlarge,"1,818,526.236",Memory optimized,239.0 fps,768 GiB,96 vCPUs,EBS only,37.5 Gigabit,$5.4432 hourly,$3.6007 hourly,$1.4035 hourly,$9.8592 hourly,$8.0167 hourly,2026-09-23 14:20
R6A Double Extra Large,r6a.2xlarge,"161,567.202",Memory optimized,65.0 fps,64 GiB,8 vCPUs,EBS only,Up to 12.5 Gigabit,$0.4536 hourly,$0.3001 hourly,$0.1401 hourly,$0.8216 hourly,$0.6681 hourly,2026-09-23 14:20
R6A 32xlarge,r6a.32xlarge,"2,310,469.314",Memory optimized,236.0 fps,1024 GiB,128 vCPUs,EBS only,50 Gigabit,$7.2576 hourly,$4.8009 hourly,$2.0059 hourly,$13.1456 hourly,$10.6889 hourly,2026-09-23 14:20
R6A 48xlarge,r6a.48xlarge,"3,727,431.567",Memory optimized,248.0 fps,1536 GiB,192 vCPUs,EBS only,50 Gigabit,$10.8864 hourly,$7.2014 hourly,$2.8100 hourly,$19.7184 hourly,$16.0334 hourly,2026-09-23 14:20
R6A Quadruple Extra Large,r6a.4xlarge,"348,337.234",Memory optimized,122.0 fps,128 GiB,16 vCPUs,EBS only,Up to 12.5 Gigabit,$0.9072 hourly,$0.6001 hourly,$0.3410 hourly,$1.6432 hourly,$1.3361 hourly,2026-09-23 14:20
R6A Eight Extra Large,r6a.8xlarge,"648,068.452",Memory optimized,195.0 fps,256 GiB,32 vCPUs,EBS only,12.5 Gigabit,$1.8144 hourly,$1.2002 hourly,$0.5074 hourly,$3.2864 hourly,$2.6722 hourly,2026-09-23 14:20
R6A Large,r6a.large,"42,316.847",Memory optimized,17.0 fps,16 GiB,2 vCPUs,EBS only,Up to 12.5 Gigabit,$0.1134 hourly,$0.0750 hourly,$0.0362 hourly,$0.2054 hourly,$0.1670 hourly,2026-09-23 14:20
R6A Metal,r6a.metal,"3,807,509.254",Memory optimized,250.0 fps,1536 GiB,192 vCPUs,EBS only,50 Gigabit,$10.8864 hourly,$7.2014 hourly,$2.6447 hourly,$19.7184 hourly,$16.0334 hourly,2026-09-23 14:20
R6A Extra Large,r6a.xlarge,"79,168.728",Memory optimized,34.0 fps,32 GiB,4 vCPUs,EBS only,Up to 12.5 Gigabit,$0.2268 hourly,$0.1500 hourly,$0.1015 hourly,$0.4108 hourly,$0.3340 hourly,2026-09-23 14:20
R6G 12xlarge Extra Large,r6g.12xlarge,"926,402.47",Memory optimized,173.0 fps,384 GiB,48 vCPUs,EBS only,20 Gigabit,$2.4192 hourly,$1.5241 hourly,$0.4006 hourly,-,-,2026-09-23 14:20
R6G 16xlarge Extra Large,r6g.16xlarge,"1,273,547.36",Memory optimized,176.0 fps,512 GiB,64 vCPUs,EBS only,25 Gigabit,$3.2256 hourly,$2.0321 hourly,$1.0351 hourly,-,-,2026-09-23 14:20
R6G Double Extra Large,r6g.2xlarge,"152,400.305",Memory optimized,50.0 fps,64 GiB,8 vCPUs,EBS only,Up to 10 Gigabit,$0.4032 hourly,$0.2540 hourly,$0.1334 hourly,-,-,2026-09-23 14:20
R6G Quadruple Extra Large,r6g.4xlarge,"312,134.218",Memory optimized,92.0 fps,128 GiB,16 vCPUs,EBS only,Up to 10 Gigabit,$0.8064 hourly,$0.5080 hourly,$0.2183 hourly,-,-,2026-09-23 14:20
R6G Eight Extra Large,r6g.8xlarge,"642,054.575",Memory optimized,151.0 fps,256 GiB,32 vCPUs,EBS only,12 Gigabit,$1.6128 hourly,$1.0161 hourly,$0.3948 hourly,-,-,2026-09-23 14:20
R6G Large,r6g.large,"39,267.016",Memory optimized,13.0 fps,16 GiB,2 vCPUs,EBS only,Up to 10 Gigabit,$0.1008 hourly,$0.0635 hourly,$0.0319 hourly,-,-,2026-09-23 14:20
R6G Medium,r6g.medium,"19,841.27",Memory optimized,7.0 fps,8 GiB,1 vCPUs,EBS only,Up to 10 Gigabit,$0.0504 hourly,$0.0318 hourly,$0.0148 hourly,-,-,2026-09-23 14:20
R6G Metal,r6g.metal,"1,222,229.295",Memory optimized,178.0 fps,512 GiB,64 vCPUs,EBS only,25 Gigabit,$3.2256 hourly,$2.0321 hourly,$0.4176 hourly,-,-,2026-09-23 14:20
R6G Extra Large,r6g.xlarge,"79,507.056",Memory optimized,26.0 fps,32 GiB,4 vCPUs,EBS only,Up to 10 Gigabit,$0.2016 hourly,$0.1270 hourly,$0.0520 hourly,-,-,2026-09-23 14:20
R6GD 12xlarge Extra Large,r6gd.12xlarge,"931,556.476",Memory optimized,172.0 fps,384 GiB,48 vCPUs,2850 GB (2×1425 GB NVMe SSD),20 Gigabit,$2.7648 hourly,$1.7418 hourly,$0.5828 hourly,-,-,2026-09-23 14:20
R6GD 16xlarge Extra Large,r6gd.16xlarge,"1,245,620.864",Memory optimized,175.0 fps,512 GiB,64 vCPUs,3800 GB (2×1900 GB NVMe SSD),25 Gigabit,$3.6864 hourly,$2.3224 hourly,$0.9619 hourly,-,-,2026-09-23 14:20
R6GD Double Extra Large,r6gd.2xlarge,"151,343.171",Memory optimized,42.0 fps,64 GiB,8 vCPUs,474 GB NVMe SSD,Up to 10 Gigabit,$0.4608 hourly,$0.2903 hourly,$0.1648 hourly,-,-,2026-09-23 14:20
R6GD Quadruple Extra Large,r6gd.4xlarge,"309,937.367",Memory optimized,94.0 fps,128 GiB,16 vCPUs,950 GB NVMe SSD,Up to 10 Gigabit,$0.9216 hourly,$0.5806 hourly,$0.3974 hourly,-,-,2026-09-23 14:20
R6GD Eight Extra Large,r6gd.8xlarge,"630,376.256",Memory optimized,151.0 fps,256 GiB,32 vCPUs,1900 GB NVMe SSD,12 Gigabit,$1.8432 hourly,$1.1612 hourly,$0.7173 hourly,-,-,2026-09-23 14:20
R6GD Large,r6gd.large,"39,110.879",Memory optimized,13.0 fps,16 GiB,2 vCPUs,118 GB NVMe SSD,Up to 10 Gigabit,$0.1152 hourly,$0.0726 hourly,$0.0434 hourly,-,-,2026-09-23 14:20
R6GD Medium,r6gd.medium,"19,801.98",Memory optimized,6.8 fps,8 GiB,1 vCPUs,59 GB NVMe SSD,Up to 10 Gigabit,$0.0576 hourly,$0.0363 hourly,$0.0196 hourly,-,-,2026-09-23 14:20
R6GD Metal,r6gd.metal,"1,302,489.655",Memory optimized,178.0 fps,512 GiB,64 vCPUs,3800 GB (2×1900 GB NVMe SSD),25 Gigabit,$3.6864 hourly,$2.3224 hourly,$0.9316 hourly,-,-,2026-09-23 14:20
R6GD Extra Large,r6gd.xlarge,"80,488.296",Memory optimized,25.0 fps,32 GiB,4 vCPUs,237 GB NVMe SSD,Up to 10 Gigabit,$0.2304 hourly,$0.1452 hourly,$0.0989 hourly,-,-,2026-09-23 14:20
R6I 12xlarge Extra Large,r6i.12xlarge,"845,256.438",Memory optimized,218.0 fps,384 GiB,48 vCPUs,EBS only,18.75 Gigabit,$3.0240 hourly,$2.0004 hourly,$0.8957 hourly,$5.2320 hourly,$4.2084 hourly,2026-09-23 14:20
R6I 16xlarge Extra Large,r6i.16xlarge,"1,080,077.631",Memory optimized,187.0 fps,512 GiB,64 vCPUs,EBS only,25 Gigabit,$4.0320 hourly,$2.6672 hourly,$0.9559 hourly,$6.9760 hourly,$5.6112 hourly,2026-09-23 14:20
R6I 24xlarge,r6i.24xlarge,"1,705,908.485",Memory optimized,239.0 fps,768 GiB,96 vCPUs,EBS only,37.5 Gigabit,$6.0480 hourly,$4.0008 hourly,$1.6111 hourly,$10.4640 hourly,$8.4168 hourly,2026-09-23 14:20
R6I Double Extra Large,r6i.2xlarge,"136,693.721",Memory optimized,55.0 fps,64 GiB,8 vCPUs,EBS only,Up to 12.5 Gigabit,$0.5040 hourly,$0.3334 hourly,$0.1641 hourly,$0.8720 hourly,$0.7014 hourly,2026-09-23 14:20
R6I 32xlarge,r6i.32xlarge,"2,279,100.824",Memory optimized,222.0 fps,1024 GiB,128 vCPUs,EBS only,50 Gigabit,$8.0640 hourly,$5.3343 hourly,$2.0786 hourly,$13.9520 hourly,$11.2223 hourly,2026-09-23 14:20
R6I Quadruple Extra Large,r6i.4xlarge,"267,524.976",Memory optimized,107.0 fps,128 GiB,16 vCPUs,EBS only,Up to 12.5 Gigabit,$1.0080 hourly,$0.6668 hourly,$0.3347 hourly,$1.7440 hourly,$1.4028 hourly,2026-09-23 14:20
R6I Eight Extra Large,r6i.8xlarge,"547,219.016",Memory optimized,184.0 fps,256 GiB,32 vCPUs,EBS only,12.5 Gigabit,$2.0160 hourly,$1.3336 hourly,$1.5831 hourly,$3.4880 hourly,$2.8056 hourly,2026-09-23 14:20
R6I Large,r6i.large,"36,253.776",Memory optimized,11.0 fps,16 GiB,2 vCPUs,EBS only,Up to 12.5 Gigabit,$0.1260 hourly,$0.0834 hourly,$0.0451 hourly,$0.2180 hourly,$0.1754 hourly,2026-09-23 14:20
R6I Metal,r6i.metal,"2,266,389.27",Memory optimized,145.0 fps,1024 GiB,128 vCPUs,EBS only,50 Gigabit,$8.0640 hourly,$5.3343 hourly,$2.4537 hourly,$13.9520 hourly,$11.2223 hourly,2026-09-23 14:20
R6I Extra Large,r6i.xlarge,"66,126.633",Memory optimized,28.0 fps,32 GiB,4 vCPUs,EBS only,Up to 12.5 Gigabit,$0.2520 hourly,$0.1667 hourly,$0.1348 hourly,$0.4360 hourly,$0.3507 hourly,2026-09-23 14:20
R6ID 12xlarge Extra Large,r6id.12xlarge,-,Memory optimized,-,384 GiB,48 vCPUs,2850 GB (2×1425 GB NVMe SSD),18.75 Gigabit,$3.6288 hourly,$2.2806 hourly,$2.5000 hourly,$5.8368 hourly,$4.4886 hourly,2026-09-23 14:20
R6ID 16xlarge Extra Large,r6id.16xlarge,-,Memory optimized,-,512 GiB,64 vCPUs,3800 GB (2×1900 GB NVMe SSD),25 Gigabit,$4.8384 hourly,$3.0408 hourly,$2.8395 hourly,$7.7824 hourly,$5.9848 hourly,2026-09-23 14:20
R6ID 24xlarge,r6id.24xlarge,-,Memory optimized,-,768 GiB,96 vCPUs,5700 GB (4×1425 GB NVMe SSD),37.5 Gigabit,$7.2576 hourly,$4.5612 hourly,$4.5527 hourly,$11.6736 hourly,$8.9772 hourly,2026-09-23 14:20
R6ID Double Extra Large,r6id.2xlarge,-,Memory optimized,-,64 GiB,8 vCPUs,474 GB NVMe SSD,Up to 12.5 Gigabit,$0.6048 hourly,$0.3801 hourly,$0.6048 hourly,$0.9728 hourly,$0.7481 hourly,2026-09-23 14:20
R6ID 32xlarge,r6id.32xlarge,-,Memory optimized,-,1024 GiB,128 vCPUs,7600 GB (4×1900 GB NVMe SSD),50 Gigabit,$9.6768 hourly,$6.0816 hourly,$9.6768 hourly,$15.5648 hourly,$11.9696 hourly,2026-09-23 14:20
R6ID Quadruple Extra Large,r6id.4xlarge,-,Memory optimized,-,128 GiB,16 vCPUs,950 GB NVMe SSD,Up to 12.5 Gigabit,$1.2096 hourly,$0.7602 hourly,$0.7031 hourly,$1.9456 hourly,$1.4962 hourly,2026-09-23 14:20
R6ID Eight Extra Large,r6id.8xlarge,-,Memory optimized,-,256 GiB,32 vCPUs,1900 GB NVMe SSD,12.5 Gigabit,$2.4192 hourly,$1.5204 hourly,$1.2292 hourly,$3.8912 hourly,$2.9924 hourly,2026-09-23 14:20
R6ID Large,r6id.large,-,Memory optimized,-,16 GiB,2 vCPUs,118 GB NVMe SSD,Up to 12.5 Gigabit,$0.1512 hourly,$0.0950 hourly,$0.0464 hourly,$0.2432 hourly,$0.1870 hourly,2026-09-23 14:20
R6ID Metal,r6id.metal,-,Memory optimized,-,1024 GiB,128 vCPUs,7600 GB (4×1900 GB NVMe SSD),50 Gigabit,$9.6768 hourly,$6.0816 hourly,$9.6768 hourly,$15.5648 hourly,$11.9696 hourly,2026-09-23 14:20
R6ID Extra Large,r6id.xlarge,-,Memory optimized,-,32 GiB,4 vCPUs,237 GB NVMe SSD,Up to 12.5 Gigabit,$0.3024 hourly,$0.1901 hourly,$0.1411 hourly,$0.4864 hourly,$0.3741 hourly,2026-09-23 14:20
R6IDN 12xlarge Extra Large,r6idn.12xlarge,-,Memory optimized,-,384 GiB,48 vCPUs,2850 GB (2×1425 GB NVMe SSD),75 Gigabit,$4.6894 hourly,$2.9543 hourly,$1.4601 hourly,$6.8974 hourly,$5.1623 hourly,2026-09-23 14:20
R6IDN 16xlarge Extra Large,r6idn.16xlarge,-,Memory optimized,-,512 GiB,64 vCPUs,3800 GB (2×1900 GB NVMe SSD),100 Gigabit,$6.2525 hourly,$3.9391 hourly,$1.4521 hourly,$9.1965 hourly,$6.8831 hourly,2026-09-23 14:20
R6IDN 24xlarge,r6idn.24xlarge,-,Memory optimized,-,768 GiB,96 vCPUs,5700 GB (4×1425 GB NVMe SSD),150 Gigabit,$9.3787 hourly,$5.9086 hourly,$2.4620 hourly,$13.7947 hourly,$10.3246 hourly,2026-09-23 14:20
R6IDN Double Extra Large,r6idn.2xlarge,-,Memory optimized,-,64 GiB,8 vCPUs,474 GB NVMe SSD,Up to 40 Gigabit,$0.7816 hourly,$0.4924 hourly,$0.3523 hourly,$1.1496 hourly,$0.8604 hourly,2026-09-23 14:20
R6IDN 32xlarge,r6idn.32xlarge,-,Memory optimized,-,1024 GiB,128 vCPUs,7600 GB (4×1900 GB NVMe SSD),200 Gigabit,$12.5050 hourly,$7.8781 hourly,$3.4277 hourly,$18.3930 hourly,$13.7661 hourly,2026-09-23 14:20
R6IDN Quadruple Extra Large,r6idn.4xlarge,-,Memory optimized,-,128 GiB,16 vCPUs,950 GB NVMe SSD,Up to 50 Gigabit,$1.5631 hourly,$0.9848 hourly,$0.6431 hourly,$2.2991 hourly,$1.7208 hourly,2026-09-23 14:20
R6IDN Eight Extra Large,r6idn.8xlarge,-,Memory optimized,-,256 GiB,32 vCPUs,1900 GB NVMe SSD,50 Gigabit,$3.1262 hourly,$1.9695 hourly,$1.0644 hourly,$4.5982 hourly,$3.4415 hourly,2026-09-23 14:20
R6IDN Large,r6idn.large,-,Memory optimized,-,16 GiB,2 vCPUs,118 GB NVMe SSD,Up to 25 Gigabit,$0.1954 hourly,$0.1231 hourly,$0.0530 hourly,$0.2874 hourly,$0.2151 hourly,2026-09-23 14:20
R6IDN Metal,r6idn.metal,-,Memory optimized,-,1024 GiB,128 vCPUs,7600 GB (4×1900 GB NVMe SSD),200 Gigabit,$12.5050 hourly,$7.8781 hourly,$1.4775 hourly,$18.3930 hourly,$13.7661 hourly,2026-09-23 14:20
R6IDN Extra Large,r6idn.xlarge,-,Memory optimized,-,32 GiB,4 vCPUs,237 GB NVMe SSD,Up to 30 Gigabit,$0.3908 hourly,$0.2462 hourly,$0.2118 hourly,$0.5748 hourly,$0.4302 hourly,2026-09-23 14:20
R6IN 12xlarge Extra Large,r6in.12xlarge,-,Memory optimized,-,384 GiB,48 vCPUs,EBS only,75 Gigabit,$4.1839 hourly,$2.6359 hourly,$1.3492 hourly,$6.3919 hourly,$4.8439 hourly,2026-09-23 14:20
R6IN 16xlarge Extra Large,r6in.16xlarge,-,Memory optimized,-,512 GiB,64 vCPUs,EBS only,100 Gigabit,$5.5786 hourly,$3.5145 hourly,$0.9139 hourly,$8.5226 hourly,$6.4585 hourly,2026-09-23 14:20
R6IN 24xlarge,r6in.24xlarge,-,Memory optimized,-,768 GiB,96 vCPUs,EBS only,150 Gigabit,$8.3678 hourly,$5.2717 hourly,$1.9914 hourly,$12.7838 hourly,$9.6877 hourly,2026-09-23 14:20
R6IN Double Extra Large,r6in.2xlarge,-,Memory optimized,-,64 GiB,8 vCPUs,EBS only,Up to 40 Gigabit,$0.6973 hourly,$0.4393 hourly,$0.2320 hourly,$1.0653 hourly,$0.8073 hourly,2026-09-23 14:20
R6IN 32xlarge,r6in.32xlarge,-,Memory optimized,-,1024 GiB,128 vCPUs,EBS only,200 Gigabit,$11.1571 hourly,$7.0290 hourly,$2.9136 hourly,$17.0451 hourly,$12.9170 hourly,2026-09-23 14:20
R6IN Quadruple Extra Large,r6in.4xlarge,-,Memory optimized,-,128 GiB,16 vCPUs,EBS only,Up to 50 Gigabit,$1.3946 hourly,$0.8786 hourly,$0.6555 hourly,$2.1306 hourly,$1.6146 hourly,2026-09-23 14:20
R6IN Eight Extra Large,r6in.8xlarge,-,Memory optimized,-,256 GiB,32 vCPUs,EBS only,50 Gigabit,$2.7893 hourly,$1.7573 hourly,$0.8857 hourly,$4.2613 hourly,$3.2293 hourly,2026-09-23 14:20
R6IN Large,r6in.large,-,Memory optimized,-,16 GiB,2 vCPUs,EBS only,Up to 25 Gigabit,$0.1743 hourly,$0.1098 hourly,$0.0267 hourly,$0.2663 hourly,$0.2018 hourly,2026-09-23 14:20
R6IN Metal,r6in.metal,-,Memory optimized,-,1024 GiB,128 vCPUs,EBS only,200 Gigabit,$11.1571 hourly,$7.0290 hourly,$1.6154 hourly,$17.0451 hourly,$12.9170 hourly,2026-09-23 14:20
R6IN Extra Large,r6in.xlarge,-,Memory optimized,-,32 GiB,4 vCPUs,EBS only,Up to 30 Gigabit,$0.3487 hourly,$0.2197 hourly,$0.1315 hourly,$0.5327 hourly,$0.4037 hourly,2026-09-23 14:20
R7A 12xlarge Extra Large,r7a.12xlarge,"1,627,394.474",Memory optimized,315.0 fps,384 GiB,48 vCPUs,EBS only,18.75 Gigabit,$3.6516 hourly,$2.4155 hourly,$0.9689 hourly,$5.8596 hourly,$4.6235 hourly,2026-09-23 14:20
R7A 16xlarge Extra Large,r7a.16xlarge,"1,992,631.415",Memory optimized,309.0 fps,512 GiB,64 vCPUs,EBS only,25 Gigabit,$4.8688 hourly,$3.2207 hourly,$1.1443 hourly,$7.8128 hourly,$6.1647 hourly,2026-09-23 14:20
R7A 24xlarge,r7a.24xlarge,"2,791,373.879",Memory optimized,308.0 fps,768 GiB,96 vCPUs,EBS only,37.5 Gigabit,$7.3032 hourly,$4.8311 hourly,$1.2181 hourly,$11.7192 hourly,$9.2471 hourly,2026-09-23 14:20
R7A Double Extra Large,r7a.2xlarge,"255,699.979",Memory optimized,104.0 fps,64 GiB,8 vCPUs,EBS only,Up to 12.5 Gigabit,$0.6086 hourly,$0.4026 hourly,$0.1783 hourly,$0.9766 hourly,$0.7706 hourly,2026-09-23 14:20
R7A 32xlarge,r7a.32xlarge,"4,237,708.989",Memory optimized,310.0 fps,1024 GiB,128 vCPUs,EBS only,50 Gigabit,$9.7376 hourly,$6.4414 hourly,$1.9261 hourly,$15.6256 hourly,$12.3294 hourly,2026-09-23 14:20
R7A 48xlarge,r7a.48xlarge,"5,477,107.403",Memory optimized,305.0 fps,1536 GiB,192 vCPUs,EBS only,50 Gigabit,$14.6064 hourly,$9.6621 hourly,$2.5951 hourly,$23.4384 hourly,$18.4941 hourly,2026-09-23 14:20
R7A Quadruple Extra Large,r7a.4xlarge,"513,506.285",Memory optimized,178.0 fps,128 GiB,16 vCPUs,EBS only,Up to 12.5 Gigabit,$1.2172 hourly,$0.8052 hourly,$0.4040 hourly,$1.9532 hourly,$1.5412 hourly,2026-09-23 14:20
R7A Eight Extra Large,r7a.8xlarge,"1,076,112.543",Memory optimized,284.0 fps,256 GiB,32 vCPUs,EBS only,12.5 Gigabit,$2.4344 hourly,$1.6104 hourly,$0.6678 hourly,$3.9064 hourly,$3.0824 hourly,2026-09-23 14:20
R7A Large,r7a.large,"65,782.261",Memory optimized,27.0 fps,16 GiB,2 vCPUs,EBS only,Up to 12.5 Gigabit,$0.1522 hourly,$0.1007 hourly,$0.0541 hourly,$0.2442 hourly,$0.1927 hourly,2026-09-23 14:20
R7A Medium,r7a.medium,"35,377.358",Memory optimized,15.0 fps,8 GiB,1 vCPUs,EBS only,Up to 12.5 Gigabit,$0.0761 hourly,$0.0503 hourly,$0.0211 hourly,$0.1221 hourly,$0.0963 hourly,2026-09-23 14:20
R7A Metal-48xl,r7a.metal-48xl,"6,200,215.285",Memory optimized,293.0 fps,1536 GiB,192 vCPUs,EBS only,50 Gigabit,$14.6064 hourly,$9.6621 hourly,$2.4808 hourly,$23.4384 hourly,$18.4941 hourly,2026-09-23 14:20
R7A Extra Large,r7a.xlarge,"136,892.539",Memory optimized,55.0 fps,32 GiB,4 vCPUs,EBS only,Up to 12.5 Gigabit,$0.3043 hourly,$0.2013 hourly,$0.0926 hourly,$0.4883 hourly,$0.3853 hourly,2026-09-23 14:20
R7G 12xlarge Extra Large,r7g.12xlarge,"1,184,600.197",Memory optimized,239.0 fps,384 GiB,48 vCPUs,EBS only,22.5 Gigabit,$2.5704 hourly,$1.7003 hourly,$0.6489 hourly,-,-,2026-09-23 14:20
R7G 16xlarge Extra Large,r7g.16xlarge,"1,652,572.461",Memory optimized,223.0 fps,512 GiB,64 vCPUs,EBS only,30 Gigabit,$3.4272 hourly,$2.2671 hourly,$0.9569 hourly,-,-,2026-09-23 14:20
R7G Double Extra Large,r7g.2xlarge,"196,963.48",Memory optimized,72.0 fps,64 GiB,8 vCPUs,EBS only,Up to 15 Gigabit,$0.4284 hourly,$0.2834 hourly,$0.1374 hourly,-,-,2026-09-23 14:20
R7G Quadruple Extra Large,r7g.4xlarge,"411,073.287",Memory optimized,132.0 fps,128 GiB,16 vCPUs,EBS only,Up to 15 Gigabit,$0.8568 hourly,$0.5668 hourly,$0.2886 hourly,-,-,2026-09-23 14:20
R7G Eight Extra Large,r7g.8xlarge,"833,767.587",Memory optimized,206.0 fps,256 GiB,32 vCPUs,EBS only,15 Gigabit,$1.7136 hourly,$1.1335 hourly,$0.4476 hourly,-,-,2026-09-23 14:20
R7G Large,r7g.large,"49,239.86",Memory optimized,19.0 fps,16 GiB,2 vCPUs,EBS only,Up to 12.5 Gigabit,$0.1071 hourly,$0.0708 hourly,$0.0421 hourly,-,-,2026-09-23 14:20
R7G Medium,r7g.medium,"26,471.367",Memory optimized,10.0 fps,8 GiB,1 vCPUs,EBS only,Up to 12.5 Gigabit,$0.0536 hourly,$0.0354 hourly,$0.0181 hourly,-,-,2026-09-23 14:20
R7G Metal,r7g.metal,"1,531,008.911",Memory optimized,245.0 fps,512 GiB,64 vCPUs,EBS only,30 Gigabit,$3.4272 hourly,$2.2671 hourly,$0.8069 hourly,-,-,2026-09-23 14:20
R7G Extra Large,r7g.xlarge,"102,570.678",Memory optimized,38.0 fps,32 GiB,4 vCPUs,EBS only,Up to 12.5 Gigabit,$0.2142 hourly,$0.1417 hourly,$0.0617 hourly,-,-,2026-09-23 14:20
R7GD 12xlarge Extra Large,r7gd.12xlarge,"1,239,589.386",Memory optimized,239.0 fps,384 GiB,48 vCPUs,2850 GB (2×1425 GB NVMe SSD),22.5 Gigabit,$3.2659 hourly,$2.0525 hourly,$1.3441 hourly,-,-,2026-09-23 14:20
R7GD 16xlarge Extra Large,r7gd.16xlarge,"1,587,695.361",Memory optimized,242.0 fps,512 GiB,64 vCPUs,3800 GB (2×1900 GB NVMe SSD),30 Gigabit,$4.3546 hourly,$2.7367 hourly,$2.4495 hourly,-,-,2026-09-23 14:20
R7GD Double Extra Large,r7gd.2xlarge,"203,977.562",Memory optimized,73.0 fps,64 GiB,8 vCPUs,474 GB NVMe SSD,Up to 15 Gigabit,$0.5443 hourly,$0.3421 hourly,$0.1564 hourly,-,-,2026-09-23 14:20
R7GD Quadruple Extra Large,r7gd.4xlarge,"401,782.912",Memory optimized,133.0 fps,128 GiB,16 vCPUs,950 GB NVMe SSD,Up to 15 Gigabit,$1.0886 hourly,$0.6842 hourly,$0.3173 hourly,-,-,2026-09-23 14:20
R7GD Eight Extra Large,r7gd.8xlarge,"817,891.374",Memory optimized,208.0 fps,256 GiB,32 vCPUs,1900 GB NVMe SSD,15 Gigabit,$2.1773 hourly,$1.3684 hourly,$1.7640 hourly,-,-,2026-09-23 14:20
R7GD Large,r7gd.large,"52,160.306",Memory optimized,19.0 fps,16 GiB,2 vCPUs,118 GB NVMe SSD,Up to 12.5 Gigabit,$0.1361 hourly,$0.0855 hourly,$0.1361 hourly,-,-,2026-09-23 14:20
R7GD Medium,r7gd.medium,"25,953.802",Memory optimized,10.0 fps,8 GiB,1 vCPUs,59 GB NVMe SSD,Up to 12.5 Gigabit,$0.0680 hourly,$0.0428 hourly,$0.0183 hourly,-,-,2026-09-23 14:20
R7GD Metal,r7gd.metal,"1,648,316.271",Memory optimized,245.0 fps,512 GiB,64 vCPUs,3800 GB (2×1900 GB NVMe SSD),30 Gigabit,$4.3546 hourly,$2.7367 hourly,$4.3546 hourly,-,-,2026-09-23 14:20
R7GD Extra Large,r7gd.xlarge,"96,354.585",Memory optimized,38.0 fps,32 GiB,4 vCPUs,237 GB NVMe SSD,Up to 12.5 Gigabit,$0.2722 hourly,$0.1710 hourly,$0.0946 hourly,-,-,2026-09-23 14:20
R7I 12xlarge Extra Large,r7i.12xlarge,"1,058,395.502",Memory optimized,232.0 fps,384 GiB,48 vCPUs,EBS only,18.75 Gigabit,$3.1752 hourly,$2.1004 hourly,$1.0344 hourly,$5.3832 hourly,$4.3084 hourly,2026-09-23 14:20
R7I 16xlarge Extra Large,r7i.16xlarge,"1,431,874.114",Memory optimized,235.0 fps,512 GiB,64 vCPUs,EBS only,25 Gigabit,$4.2336 hourly,$2.8005 hourly,$0.8592 hourly,$7.1776 hourly,$5.7445 hourly,2026-09-23 14:20
R7I 24xlarge,r7i.24xlarge,"1,947,327.496",Memory optimized,258.0 fps,768 GiB,96 vCPUs,EBS only,37.5 Gigabit,$6.3504 hourly,$4.2008 hourly,$2.4406 hourly,$10.7664 hourly,$8.6168 hourly,2026-09-23 14:20
R7I Double Extra Large,r7i.2xlarge,"187,214.79",Memory optimized,65.0 fps,64 GiB,8 vCPUs,EBS only,Up to 12.5 Gigabit,$0.5292 hourly,$0.3501 hourly,$0.1969 hourly,$0.8972 hourly,$0.7181 hourly,2026-09-23 14:20
R7I 48xlarge,r7i.48xlarge,"3,921,435.136",Memory optimized,269.0 fps,1536 GiB,192 vCPUs,EBS only,50 Gigabit,$12.7008 hourly,$8.4016 hourly,$3.8955 hourly,$21.5328 hourly,$17.2336 hourly,2026-09-23 14:20
R7I Quadruple Extra Large,r7i.4xlarge,"374,035.689",Memory optimized,129.0 fps,128 GiB,16 vCPUs,EBS only,Up to 12.5 Gigabit,$1.0584 hourly,$0.7001 hourly,$0.3172 hourly,$1.7944 hourly,$1.4361 hourly,2026-09-23 14:20
R7I Eight Extra Large,r7i.8xlarge,"763,358.779",Memory optimized,218.0 fps,256 GiB,32 vCPUs,EBS only,12.5 Gigabit,$2.1168 hourly,$1.4003 hourly,$0.5501 hourly,$3.5888 hourly,$2.8723 hourly,2026-09-23 14:20
R7I Large,r7i.large,"48,385.146",Memory optimized,17.0 fps,16 GiB,2 vCPUs,EBS only,Up to 12.5 Gigabit,$0.1323 hourly,$0.0875 hourly,$0.0483 hourly,$0.2243 hourly,$0.1795 hourly,2026-09-23 14:20
R7I Metal-24xl,r7i.metal-24xl,"2,100,043.751",Memory optimized,270.0 fps,768 GiB,96 vCPUs,EBS only,37.5 Gigabit,$6.3504 hourly,$4.2008 hourly,$1.7351 hourly,$10.7664 hourly,$8.6168 hourly,2026-09-23 14:20
R7I Metal-48xl,r7i.metal-48xl,"3,999,722.242",Memory optimized,311.0 fps,1536 GiB,192 vCPUs,EBS only,50 Gigabit,$12.7008 hourly,$8.4016 hourly,$2.7105 hourly,$21.5328 hourly,$17.2336 hourly,2026-09-23 14:20
R7I Extra Large,r7i.xlarge,"95,166.343",Memory optimized,35.0 fps,32 GiB,4 vCPUs,EBS only,Up to 12.5 Gigabit,$0.2646 hourly,$0.1750 hourly,$0.0946 hourly,$0.4486 hourly,$0.3590 hourly,2026-09-23 14:20
R7IZ 12xlarge Extra Large,r7iz.12xlarge,-,Memory optimized,-,384 GiB,48 vCPUs,EBS only,25 Gigabit,$4.4640 hourly,$2.8123 hourly,$1.2013 hourly,$6.6720 hourly,$5.0203 hourly,2026-09-23 14:20
R7IZ 16xlarge Extra Large,r7iz.16xlarge,-,Memory optimized,-,512 GiB,64 vCPUs,EBS only,25 Gigabit,$5.9520 hourly,$3.7498 hourly,$1.0990 hourly,$8.8960 hourly,$6.6938 hourly,2026-09-23 14:20
R7IZ Double Extra Large,r7iz.2xlarge,-,Memory optimized,-,64 GiB,8 vCPUs,EBS only,Up to 12.5 Gigabit,$0.7440 hourly,$0.4687 hourly,$0.2618 hourly,$1.1120 hourly,$0.8367 hourly,2026-09-23 14:20
R7IZ 32xlarge,r7iz.32xlarge,-,Memory optimized,-,1024 GiB,128 vCPUs,EBS only,50 Gigabit,$11.9040 hourly,$7.4995 hourly,$3.8703 hourly,$17.7920 hourly,$13.3875 hourly,2026-09-23 14:20
R7IZ Quadruple Extra Large,r7iz.4xlarge,-,Memory optimized,-,128 GiB,16 vCPUs,EBS only,Up to 12.5 Gigabit,$1.4880 hourly,$0.9374 hourly,$0.4888 hourly,$2.2240 hourly,$1.6734 hourly,2026-09-23 14:20
R7IZ Eight Extra Large,r7iz.8xlarge,-,Memory optimized,-,256 GiB,32 vCPUs,EBS only,12.5 Gigabit,$2.9760 hourly,$1.8749 hourly,$1.0618 hourly,$4.4480 hourly,$3.3469 hourly,2026-09-23 14:20
R7IZ Large,r7iz.large,-,Memory optimized,-,16 GiB,2 vCPUs,EBS only,Up to 12.5 Gigabit,$0.1860 hourly,$0.1172 hourly,$0.0374 hourly,$0.2780 hourly,$0.2092 hourly,2026-09-23 14:20
R7IZ Metal-16xl,r7iz.metal-16xl,-,Memory optimized,-,512 GiB,64 vCPUs,EBS only,25 Gigabit,$5.9520 hourly,$3.7498 hourly,$1.6805 hourly,$8.8960 hourly,$6.6938 hourly,2026-09-23 14:20
R7IZ Metal-32xl,r7iz.metal-32xl,-,Memory optimized,-,1024 GiB,128 vCPUs,EBS only,50 Gigabit,$11.9040 hourly,$7.4995 hourly,$2.6035 hourly,$17.7920 hourly,$13.3875 hourly,2026-09-23 14:20
R7IZ Extra Large,r7iz.xlarge,-,Memory optimized,-,32 GiB,4 vCPUs,EBS only,Up to 12.5 Gigabit,$0.3720 hourly,$0.2344 hourly,$0.1292 hourly,$0.5560 hourly,$0.4184 hourly,2026-09-23 14:20
R8A 12xlarge Extra Large,r8a.12xlarge,"2,242,323.863",Memory optimized,402.0 fps,384 GiB,48 vCPUs,EBS only,22.5 Gigabit,$3.8342 hourly,-,$1.0753 hourly,$6.0422 hourly,-,2026-09-23 14:20
R8A 16xlarge Extra Large,r8a.16xlarge,"2,858,767.157",Memory optimized,422.0 fps,512 GiB,64 vCPUs,EBS only,30 Gigabit,$5.1123 hourly,-,$1.3676 hourly,$8.0563 hourly,-,2026-09-23 14:20
R8A 24xlarge,r8a.24xlarge,"3,843,494.086",Memory optimized,417.0 fps,768 GiB,96 vCPUs,EBS only,40 Gigabit,$7.6685 hourly,-,$1.9412 hourly,$12.0845 hourly,-,2026-09-23 14:20
R8A Double Extra Large,r8a.2xlarge,"390,019.058",Memory optimized,136.0 fps,64 GiB,8 vCPUs,EBS only,Up to 15 Gigabit,$0.6390 hourly,-,$0.2295 hourly,$1.0070 hourly,-,2026-09-23 14:20
R8A 48xlarge,r8a.48xlarge,"7,250,506.368",Memory optimized,415.0 fps,1536 GiB,192 vCPUs,EBS only,75 Gigabit,$15.3370 hourly,-,$4.4933 hourly,$24.1690 hourly,-,2026-09-23 14:20
R8A Quadruple Extra Large,r8a.4xlarge,"732,992.288",Memory optimized,227.0 fps,128 GiB,16 vCPUs,EBS only,Up to 15 Gigabit,$1.2781 hourly,-,$0.4426 hourly,$2.0141 hourly,-,2026-09-23 14:20
R8A Eight Extra Large,r8a.8xlarge,"1,530,501.326",Memory optimized,369.0 fps,256 GiB,32 vCPUs,EBS only,15 Gigabit,$2.5562 hourly,-,$0.8520 hourly,$4.0282 hourly,-,2026-09-23 14:20
R8A Large,r8a.large,"90,096.854",Memory optimized,35.0 fps,16 GiB,2 vCPUs,EBS only,Up to 12.5 Gigabit,$0.1598 hourly,-,$0.0438 hourly,$0.2518 hourly,-,2026-09-23 14:20
R8A Medium,r8a.medium,"44,859.813",Memory optimized,20.0 fps,8 GiB,1 vCPUs,EBS only,Up to 12.5 Gigabit,$0.0799 hourly,-,$0.0214 hourly,$0.1259 hourly,-,2026-09-23 14:20
R8A Metal-24xl,r8a.metal-24xl,"4,039,940.319",Memory optimized,434.0 fps,768 GiB,96 vCPUs,EBS only,40 Gigabit,$7.6685 hourly,-,$1.2341 hourly,$12.0845 hourly,-,2026-09-23 14:20
R8A Metal-48xl,r8a.metal-48xl,"6,825,673.841",Memory optimized,425.0 fps,1536 GiB,192 vCPUs,EBS only,75 Gigabit,$15.3370 hourly,-,$2.4913 hourly,$24.1690 hourly,-,2026-09-23 14:20
R8A Extra Large,r8a.xlarge,"190,682.557",Memory optimized,72.0 fps,32 GiB,4 vCPUs,EBS only,Up to 12.5 Gigabit,$0.3195 hourly,-,$0.1112 hourly,$0.5035 hourly,-,2026-09-23 14:20
R8G 12xlarge Extra Large,r8g.12xlarge,"1,430,913.698",Memory optimized,291.0 fps,384 GiB,48 vCPUs,EBS only,22.5 Gigabit,$2.8277 hourly,$1.8705 hourly,$0.7832 hourly,-,-,2026-09-23 14:20
R8G 16xlarge Extra Large,r8g.16xlarge,"2,040,490.993",Memory optimized,297.0 fps,512 GiB,64 vCPUs,EBS only,30 Gigabit,$3.7702 hourly,$2.4940 hourly,$0.6924 hourly,-,-,2026-09-23 14:20
R8G 24xlarge,r8g.24xlarge,"2,903,811.252",Memory optimized,297.0 fps,768 GiB,96 vCPUs,EBS only,40 Gigabit,$5.6554 hourly,$3.7410 hourly,$1.4238 hourly,-,-,2026-09-23 14:20
R8G Double Extra Large,r8g.2xlarge,"240,583.415",Memory optimized,88.0 fps,64 GiB,8 vCPUs,EBS only,Up to 15 Gigabit,$0.4713 hourly,$0.3118 hourly,$0.1850 hourly,-,-,2026-09-23 14:20
R8G 48xlarge,r8g.48xlarge,"5,455,707.892",Memory optimized,277.0 fps,1536 GiB,192 vCPUs,EBS only,50 Gigabit,$11.3107 hourly,$7.4820 hourly,$2.8143 hourly,-,-,2026-09-23 14:20
R8G Quadruple Extra Large,r8g.4xlarge,"476,013.388",Memory optimized,157.0 fps,128 GiB,16 vCPUs,EBS only,Up to 15 Gigabit,$0.9426 hourly,$0.6235 hourly,$0.2681 hourly,-,-,2026-09-23 14:20
R8G Eight Extra Large,r8g.8xlarge,"961,033.111",Memory optimized,248.0 fps,256 GiB,32 vCPUs,EBS only,15 Gigabit,$1.8851 hourly,$1.2470 hourly,$0.4958 hourly,-,-,2026-09-23 14:20
R8G Large,r8g.large,"63,582.896",Memory optimized,22.0 fps,16 GiB,2 vCPUs,EBS only,Up to 12.5 Gigabit,$0.1178 hourly,$0.0779 hourly,$0.0441 hourly,-,-,2026-09-23 14:20
R8G Medium,r8g.medium,"30,926.241",Memory optimized,12.0 fps,8 GiB,1 vCPUs,EBS only,Up to 12.5 Gigabit,$0.0589 hourly,$0.0390 hourly,$0.0117 hourly,-,-,2026-09-23 14:20
R8G Metal-24xl,r8g.metal-24xl,"2,969,837.587",Memory optimized,299.0 fps,768 GiB,96 vCPUs,EBS only,40 Gigabit,$5.6554 hourly,$3.7410 hourly,$1.4832 hourly,-,-,2026-09-23 14:20
R8G Metal-48xl,r8g.metal-48xl,"4,025,157.233",Memory optimized,281.0 fps,1536 GiB,192 vCPUs,EBS only,50 Gigabit,$11.3107 hourly,$7.4820 hourly,$2.3290 hourly,-,-,2026-09-23 14:20
R8G Extra Large,r8g.xlarge,"122,100.122",Memory optimized,46.0 fps,32 GiB,4 vCPUs,EBS only,Up to 12.5 Gigabit,$0.2356 hourly,$0.1559 hourly,$0.0716 hourly,-,-,2026-09-23 14:20
R8GB 12xlarge Extra Large,r8gb.12xlarge,-,Memory optimized,-,384 GiB,48 vCPUs,EBS only,100 Gigabit,$4.3723 hourly,-,$1.1737 hourly,-,-,2026-09-23 14:20
R8GB 16xlarge Extra Large,r8gb.16xlarge,-,Memory optimized,-,512 GiB,64 vCPUs,EBS only,133.33 Gigabit,$5.8298 hourly,-,$0.7620 hourly,-,-,2026-09-23 14:20
R8GB 24xlarge,r8gb.24xlarge,-,Memory optimized,-,768 GiB,96 vCPUs,EBS only,200 Gigabit,$8.7446 hourly,-,$1.4337 hourly,-,-,2026-09-23 14:20
R8GB Double Extra Large,r8gb.2xlarge,-,Memory optimized,-,64 GiB,8 vCPUs,EBS only,Up to 33.33 Gigabit,$0.7287 hourly,-,$0.2431 hourly,-,-,2026-09-23 14:20
R8GB 48xlarge,r8gb.48xlarge,"5,215,619.694",Memory optimized,117.0 fps,1536 GiB,192 vCPUs,EBS only,400 Gigabit,$17.4893 hourly,-,$3.1163 hourly,-,-,2026-09-23 14:20
R8GB Quadruple Extra Large,r8gb.4xlarge,-,Memory optimized,-,128 GiB,16 vCPUs,EBS only,33.33 Gigabit,$1.4574 hourly,-,$0.5357 hourly,-,-,2026-09-23 14:20
R8GB Eight Extra Large,r8gb.8xlarge,-,Memory optimized,-,256 GiB,32 vCPUs,EBS only,66.66 Gigabit,$2.9149 hourly,-,$0.8051 hourly,-,-,2026-09-23 14:20
R8GB Large,r8gb.large,-,Memory optimized,-,16 GiB,2 vCPUs,EBS only,Up to 20 Gigabit,$0.1822 hourly,-,$0.0610 hourly,-,-,2026-09-23 14:20
R8GB Medium,r8gb.medium,-,Memory optimized,-,8 GiB,1 vCPUs,EBS only,Up to 16.66 Gigabit,$0.0911 hourly,-,$0.0237 hourly,-,-,2026-09-23 14:20
R8GB Metal-24xl,r8gb.metal-24xl,-,Memory optimized,-,768 GiB,96 vCPUs,EBS only,200 Gigabit,$17.4893 hourly,-,$1.8597 hourly,-,-,2026-09-23 14:20
R8GB Metal-48xl,r8gb.metal-48xl,"4,734,311.429",Memory optimized,117.0 fps,1536 GiB,192 vCPUs,EBS only,400 Gigabit,$17.4893 hourly,-,$2.6347 hourly,-,-,2026-09-23 14:20
R8GB Extra Large,r8gb.xlarge,-,Memory optimized,-,32 GiB,4 vCPUs,EBS only,Up to 26.66 Gigabit,$0.3644 hourly,-,$0.1093 hourly,-,-,2026-09-23 14:20
R8GD 12xlarge Extra Large,r8gd.12xlarge,-,Memory optimized,-,384 GiB,48 vCPUs,2850 GB (3×950 GB NVMe SSD),22.5 Gigabit,$3.5270 hourly,-,$1.3849 hourly,-,-,2026-09-23 14:20
R8GD 16xlarge Extra Large,r8gd.16xlarge,-,Memory optimized,-,512 GiB,64 vCPUs,3800 GB (2×1900 GB NVMe SSD),30 Gigabit,$4.7027 hourly,-,$2.0184 hourly,-,-,2026-09-23 14:20
R8GD 24xlarge,r8gd.24xlarge,-,Memory optimized,-,768 GiB,96 vCPUs,5700 GB (3×1900 GB NVMe SSD),40 Gigabit,$7.0541 hourly,-,$3.2700 hourly,-,-,2026-09-23 14:20
R8GD Double Extra Large,r8gd.2xlarge,-,Memory optimized,-,64 GiB,8 vCPUs,474 GB NVMe SSD,Up to 15 Gigabit,$0.5878 hourly,-,$0.2047 hourly,-,-,2026-09-23 14:20
R8GD 48xlarge,r8gd.48xlarge,-,Memory optimized,-,1536 GiB,192 vCPUs,11400 GB (6×1900 GB NVMe SSD),50 Gigabit,$14.1082 hourly,-,$3.7007 hourly,-,-,2026-09-23 14:20
R8GD Quadruple Extra Large,r8gd.4xlarge,-,Memory optimized,-,128 GiB,16 vCPUs,950 GB NVMe SSD,Up to 15 Gigabit,$1.1757 hourly,-,$0.5300 hourly,-,-,2026-09-23 14:20
R8GD Eight Extra Large,r8gd.8xlarge,-,Memory optimized,-,256 GiB,32 vCPUs,1900 GB NVMe SSD,15 Gigabit,$2.3514 hourly,-,$1.1657 hourly,-,-,2026-09-23 14:20
R8GD Large,r8gd.large,-,Memory optimized,-,16 GiB,2 vCPUs,118 GB NVMe SSD,Up to 12.5 Gigabit,$0.1470 hourly,-,$0.0458 hourly,-,-,2026-09-23 14:20
R8GD Medium,r8gd.medium,-,Memory optimized,-,8 GiB,1 vCPUs,59 GB NVMe SSD,Up to 12.5 Gigabit,$0.0735 hourly,-,$0.0217 hourly,-,-,2026-09-23 14:20
R8GD Metal-24xl,r8gd.metal-24xl,-,Memory optimized,-,768 GiB,96 vCPUs,5700 GB (3×1900 GB NVMe SSD),40 Gigabit,$7.0541 hourly,-,$1.4646 hourly,-,-,2026-09-23 14:20
R8GD Metal-48xl,r8gd.metal-48xl,-,Memory optimized,-,1536 GiB,192 vCPUs,11400 GB (6×1900 GB NVMe SSD),50 Gigabit,$14.1082 hourly,-,$14.1082 hourly,-,-,2026-09-23 14:20
R8GD Extra Large,r8gd.xlarge,-,Memory optimized,-,32 GiB,4 vCPUs,237 GB NVMe SSD,Up to 12.5 Gigabit,$0.2939 hourly,-,$0.2051 hourly,-,-,2026-09-23 14:20
R8GN 12xlarge Extra Large,r8gn.12xlarge,-,Memory optimized,-,384 GiB,48 vCPUs,EBS only,150 Gigabit,$4.3723 hourly,-,$1.1300 hourly,-,-,2026-09-23 14:20
R8GN 16xlarge Extra Large,r8gn.16xlarge,-,Memory optimized,-,512 GiB,64 vCPUs,EBS only,200 Gigabit,$5.8298 hourly,-,$1.7728 hourly,-,-,2026-09-23 14:20
R8GN 24xlarge,r8gn.24xlarge,-,Memory optimized,-,768 GiB,96 vCPUs,EBS only,300 Gigabit,$8.7446 hourly,-,$2.5549 hourly,-,-,2026-09-23 14:20
R8GN Double Extra Large,r8gn.2xlarge,-,Memory optimized,-,64 GiB,8 vCPUs,EBS only,Up to 50 Gigabit,$0.7287 hourly,-,$0.2492 hourly,-,-,2026-09-23 14:20
R8GN 48xlarge,r8gn.48xlarge,-,Memory optimized,-,1536 GiB,192 vCPUs,EBS only,600 Gigabit,$17.4893 hourly,-,$4.9578 hourly,-,-,2026-09-23 14:20
R8GN Quadruple Extra Large,r8gn.4xlarge,-,Memory optimized,-,128 GiB,16 vCPUs,EBS only,50 Gigabit,$1.4574 hourly,-,$0.4585 hourly,-,-,2026-09-23 14:20
R8GN Eight Extra Large,r8gn.8xlarge,-,Memory optimized,-,256 GiB,32 vCPUs,EBS only,100 Gigabit,$2.9149 hourly,-,$0.6973 hourly,-,-,2026-09-23 14:20
R8GN Large,r8gn.large,-,Memory optimized,-,16 GiB,2 vCPUs,EBS only,Up to 30 Gigabit,$0.1822 hourly,-,$0.0609 hourly,-,-,2026-09-23 14:20
R8GN Medium,r8gn.medium,-,Memory optimized,-,8 GiB,1 vCPUs,EBS only,Up to 25 Gigabit,$0.0911 hourly,-,$0.0232 hourly,-,-,2026-09-23 14:20
R8GN Metal-24xl,r8gn.metal-24xl,-,Memory optimized,-,768 GiB,96 vCPUs,EBS only,300 Gigabit,$8.7446 hourly,-,$2.4055 hourly,-,-,2026-09-23 14:20
R8GN Metal-48xl,r8gn.metal-48xl,-,Memory optimized,-,1536 GiB,192 vCPUs,EBS only,600 Gigabit,$17.4893 hourly,-,$2.5204 hourly,-,-,2026-09-23 14:20
R8GN Extra Large,r8gn.xlarge,-,Memory optimized,-,32 GiB,4 vCPUs,EBS only,Up to 40 Gigabit,$0.3644 hourly,-,$0.1507 hourly,-,-,2026-09-23 14:20
R8I-FLEX 12xlarge Extra Large,r8i-flex.12xlarge,"1,195,169.523",Memory optimized,266.0 fps,384 GiB,48 vCPUs,EBS only,Up to 22.5 Gigabit,$3.1673 hourly,-,$1.2841 hourly,$5.2649 hourly,-,2026-09-23 14:20
R8I-FLEX 16xlarge Extra Large,r8i-flex.16xlarge,"1,527,021.116",Memory optimized,274.0 fps,512 GiB,64 vCPUs,EBS only,Up to 30 Gigabit,$4.2230 hourly,-,$1.4911 hourly,$7.0198 hourly,-,2026-09-23 14:20
R8I-FLEX Double Extra Large,r8i-flex.2xlarge,"189,536.032",Memory optimized,73.0 fps,64 GiB,8 vCPUs,EBS only,Up to 15 Gigabit,$0.5279 hourly,-,$0.2056 hourly,$0.8775 hourly,-,2026-09-23 14:20
R8I-FLEX Quadruple Extra Large,r8i-flex.4xlarge,"374,035.689",Memory optimized,144.0 fps,128 GiB,16 vCPUs,EBS only,Up to 15 Gigabit,$1.0558 hourly,-,$0.3971 hourly,$1.7550 hourly,-,2026-09-23 14:20
R8I-FLEX Eight Extra Large,r8i-flex.8xlarge,"745,573.159",Memory optimized,232.0 fps,256 GiB,32 vCPUs,EBS only,Up to 15 Gigabit,$2.1115 hourly,-,$0.8736 hourly,$3.5099 hourly,-,2026-09-23 14:20
R8I-FLEX Large,r8i-flex.large,"46,481.001",Memory optimized,20.0 fps,16 GiB,2 vCPUs,EBS only,Up to 12.5 Gigabit,$0.1320 hourly,-,$0.0456 hourly,$0.2194 hourly,-,2026-09-23 14:20
R8I-FLEX Extra Large,r8i-flex.xlarge,"98,871.22",Memory optimized,39.0 fps,32 GiB,4 vCPUs,EBS only,Up to 12.5 Gigabit,$0.2639 hourly,-,$0.1078 hourly,$0.4387 hourly,-,2026-09-23 14:20
R8I 12xlarge Extra Large,r8i.12xlarge,"1,169,590.643",Memory optimized,279.0 fps,384 GiB,48 vCPUs,EBS only,22.5 Gigabit,$3.3341 hourly,-,$0.9645 hourly,$5.5421 hourly,-,2026-09-23 14:20
R8I 16xlarge Extra Large,r8i.16xlarge,"1,615,753.598",Memory optimized,283.0 fps,512 GiB,64 vCPUs,EBS only,30 Gigabit,$4.4454 hourly,-,$1.1414 hourly,$7.3894 hourly,-,2026-09-23 14:20
R8I 24xlarge,r8i.24xlarge,"2,246,270.839",Memory optimized,292.0 fps,768 GiB,96 vCPUs,EBS only,40 Gigabit,$6.6682 hourly,-,$1.3021 hourly,$11.0842 hourly,-,2026-09-23 14:20
R8I Double Extra Large,r8i.2xlarge,"189,080.596",Memory optimized,77.0 fps,64 GiB,8 vCPUs,EBS only,Up to 15 Gigabit,$0.5557 hourly,-,$0.1647 hourly,$0.9237 hourly,-,2026-09-23 14:20
R8I 32xlarge,r8i.32xlarge,"3,004,342.213",Memory optimized,308.0 fps,1024 GiB,128 vCPUs,EBS only,50 Gigabit,$8.8909 hourly,-,$2.3707 hourly,$14.7789 hourly,-,2026-09-23 14:20
R8I 48xlarge,r8i.48xlarge,"4,143,735.837",Memory optimized,333.0 fps,1536 GiB,192 vCPUs,EBS only,75 Gigabit,$13.3363 hourly,-,$4.9773 hourly,$22.1683 hourly,-,2026-09-23 14:20
R8I Quadruple Extra Large,r8i.4xlarge,"378,638.479",Memory optimized,142.0 fps,128 GiB,16 vCPUs,EBS only,Up to 15 Gigabit,$1.1114 hourly,-,$0.3468 hourly,$1.8474 hourly,-,2026-09-23 14:20
R8I Eight Extra Large,r8i.8xlarge,"759,073.298",Memory optimized,243.0 fps,256 GiB,32 vCPUs,EBS only,15 Gigabit,$2.2227 hourly,-,$0.8084 hourly,$3.6947 hourly,-,2026-09-23 14:20
R8I 96xlarge,r8i.96xlarge,"8,925,043.579",Memory optimized,303.0 fps,3072 GiB,384 vCPUs,EBS only,100 Gigabit,$26.6726 hourly,-,$7.4492 hourly,$44.3366 hourly,-,2026-09-23 14:20
R8I Large,r8i.large,"44,023.773",Memory optimized,20.0 fps,16 GiB,2 vCPUs,EBS only,Up to 12.5 Gigabit,$0.1389 hourly,-,$0.0402 hourly,$0.2309 hourly,-,2026-09-23 14:20
R8I Metal-48xl,r8i.metal-48xl,"4,551,650.566",Memory optimized,301.0 fps,1536 GiB,192 vCPUs,EBS only,75 Gigabit,$13.3363 hourly,-,$3.8741 hourly,$22.1683 hourly,-,2026-09-23 14:20
R8I Metal-96xl,r8i.metal-96xl,"9,497,310.332",Memory optimized,172.0 fps,3072 GiB,384 vCPUs,EBS only,100 Gigabit,$26.6726 hourly,-,$5.0936 hourly,$44.3366 hourly,-,2026-09-23 14:20
R8I Extra Large,r8i.xlarge,"98,540.371",Memory optimized,39.0 fps,32 GiB,4 vCPUs,EBS only,Up to 12.5 Gigabit,$0.2778 hourly,-,$0.1162 hourly,$0.4618 hourly,-,2026-09-23 14:20
R8IB 12xlarge Extra Large,r8ib.12xlarge,"1,145,767.027",Memory optimized,143.0 fps,384 GiB,48 vCPUs,EBS only,50 Gigabit,$5.0208 hourly,-,$1.8959 hourly,$7.2288 hourly,-,2026-09-23 14:20
R8IB 16xlarge Extra Large,r8ib.16xlarge,"1,544,960.772",Memory optimized,277.0 fps,512 GiB,64 vCPUs,EBS only,66.66 Gigabit,$6.6944 hourly,-,$2.4612 hourly,$9.6384 hourly,-,2026-09-23 14:20
R8IB 24xlarge,r8ib.24xlarge,"2,268,967.147",Memory optimized,267.0 fps,768 GiB,96 vCPUs,EBS only,100 Gigabit,$10.0416 hourly,-,$1.2309 hourly,$14.4576 hourly,-,2026-09-23 14:20
R8IB Double Extra Large,r8ib.2xlarge,"195,854.415",Memory optimized,77.0 fps,64 GiB,8 vCPUs,EBS only,Up to 26.66 Gigabit,$0.8368 hourly,-,$0.2448 hourly,$1.2048 hourly,-,2026-09-23 14:20
R8IB 32xlarge,r8ib.32xlarge,"3,093,094.907",Memory optimized,120.0 fps,1024 GiB,128 vCPUs,EBS only,133.33 Gigabit,$13.3888 hourly,-,$4.1752 hourly,$19.2768 hourly,-,2026-09-23 14:20
R8IB 48xlarge,r8ib.48xlarge,"4,478,395.242",Memory optimized,187.0 fps,1536 GiB,192 vCPUs,EBS only,200 Gigabit,$20.0832 hourly,-,$4.8809 hourly,$28.9152 hourly,-,2026-09-23 14:20
R8IB Quadruple Extra Large,r8ib.4xlarge,"386,520.111",Memory optimized,140.0 fps,128 GiB,16 vCPUs,EBS only,Up to 33.33 Gigabit,$1.6736 hourly,-,$0.6203 hourly,$2.4096 hourly,-,2026-09-23 14:20
R8IB Eight Extra Large,r8ib.8xlarge,"734,675.136",Memory optimized,194.0 fps,256 GiB,32 vCPUs,EBS only,33.33 Gigabit,$3.3472 hourly,-,$1.2707 hourly,$4.8192 hourly,-,2026-09-23 14:20
R8IB 96xlarge,r8ib.96xlarge,"8,830,631.252",Memory optimized,178.0 fps,3072 GiB,384 vCPUs,EBS only,400 Gigabit,$40.1664 hourly,-,$10.5382 hourly,$57.8304 hourly,-,2026-09-23 14:20
R8IB Large,r8ib.large,"47,553.002",Memory optimized,20.0 fps,16 GiB,2 vCPUs,EBS only,Up to 16.66 Gigabit,$0.2092 hourly,-,$0.0600 hourly,$0.3012 hourly,-,2026-09-23 14:20
R8IB Metal-48xl,r8ib.metal-48xl,"4,633,484.163",Memory optimized,93.0 fps,1536 GiB,192 vCPUs,EBS only,200 Gigabit,$20.0832 hourly,-,$3.8539 hourly,$28.9152 hourly,-,2026-09-23 14:20
R8IB Metal-96xl,r8ib.metal-96xl,"8,724,794.093",Memory optimized,251.0 fps,3072 GiB,384 vCPUs,EBS only,400 Gigabit,$40.1664 hourly,-,$5.7599 hourly,$57.8304 hourly,-,2026-09-23 14:20
R8IB Extra Large,r8ib.xlarge,"97,032.425",Memory optimized,39.0 fps,32 GiB,4 vCPUs,EBS only,Up to 20 Gigabit,$0.4184 hourly,-,$0.1101 hourly,$0.6024 hourly,-,2026-09-23 14:20
R8ID 12xlarge Extra Large,r8id.12xlarge,-,Memory optimized,-,384 GiB,48 vCPUs,2850 GB NVMe SSD,22.5 Gigabit,$3.9917 hourly,-,$0.9867 hourly,$6.1997 hourly,-,2026-09-23 14:20
R8ID 16xlarge Extra Large,r8id.16xlarge,-,Memory optimized,-,512 GiB,64 vCPUs,3800 GB NVMe SSD,30 Gigabit,$5.3222 hourly,-,$1.4355 hourly,$8.2662 hourly,-,2026-09-23 14:20
R8ID 24xlarge,r8id.24xlarge,-,Memory optimized,-,768 GiB,96 vCPUs,5700 GB (2×2850 GB NVMe SSD),40 Gigabit,$7.9834 hourly,-,$2.2640 hourly,$12.3994 hourly,-,2026-09-23 14:20
R8ID Double Extra Large,r8id.2xlarge,-,Memory optimized,-,64 GiB,8 vCPUs,474 GB NVMe SSD,Up to 15 Gigabit,$0.6653 hourly,-,$0.1980 hourly,$1.0333 hourly,-,2026-09-23 14:20
R8ID 32xlarge,r8id.32xlarge,-,Memory optimized,-,1024 GiB,128 vCPUs,7600 GB (2×3800 GB NVMe SSD),50 Gigabit,$10.6445 hourly,-,$2.3126 hourly,$16.5325 hourly,-,2026-09-23 14:20
R8ID 48xlarge,r8id.48xlarge,-,Memory optimized,-,1536 GiB,192 vCPUs,11400 GB (3×3800 GB NVMe SSD),75 Gigabit,$15.9667 hourly,-,$4.0287 hourly,$24.7987 hourly,-,2026-09-23 14:20
R8ID Quadruple Extra Large,r8id.4xlarge,-,Memory optimized,-,128 GiB,16 vCPUs,950 GB NVMe SSD,Up to 15 Gigabit,$1.3306 hourly,-,$0.4377 hourly,$2.0666 hourly,-,2026-09-23 14:20
R8ID Eight Extra Large,r8id.8xlarge,-,Memory optimized,-,256 GiB,32 vCPUs,1900 GB NVMe SSD,15 Gigabit,$2.6611 hourly,-,$0.8519 hourly,$4.1331 hourly,-,2026-09-23 14:20
R8ID 96xlarge,r8id.96xlarge,-,Memory optimized,-,3072 GiB,384 vCPUs,22800 GB (6×3800 GB NVMe SSD),100 Gigabit,$31.9334 hourly,-,$3.1933 hourly,$49.5974 hourly,-,2026-09-23 14:20
R8ID Large,r8id.large,-,Memory optimized,-,16 GiB,2 vCPUs,118 GB NVMe SSD,Up to 12.5 Gigabit,$0.1663 hourly,-,$0.0512 hourly,$0.2583 hourly,-,2026-09-23 14:20
R8ID Metal-48xl,r8id.metal-48xl,-,Memory optimized,-,1536 GiB,192 vCPUs,11400 GB (3×3800 GB NVMe SSD),75 Gigabit,$15.9667 hourly,-,$4.8149 hourly,$24.7987 hourly,-,2026-09-23 14:20
R8ID Metal-96xl,r8id.metal-96xl,-,Memory optimized,-,3072 GiB,384 vCPUs,22800 GB (6×3800 GB NVMe SSD),100 Gigabit,$31.9334 hourly,-,$3.3849 hourly,$49.5974 hourly,-,2026-09-23 14:20
R8ID Extra Large,r8id.xlarge,-,Memory optimized,-,32 GiB,4 vCPUs,237 GB NVMe SSD,Up to 12.5 Gigabit,$0.3326 hourly,-,$0.0915 hourly,$0.5166 hourly,-,2026-09-23 14:20
R8IDB 12xlarge Extra Large,r8idb.12xlarge,"1,120,012.445",Memory optimized,276.0 fps,384 GiB,48 vCPUs,2850 GB NVMe SSD,50 Gigabit,$5.6273 hourly,-,$2.3297 hourly,$7.8353 hourly,-,2026-09-23 14:20
R8IDB 16xlarge Extra Large,r8idb.16xlarge,"1,518,206.618",Memory optimized,285.0 fps,512 GiB,64 vCPUs,3800 GB NVMe SSD,66.66 Gigabit,$7.5030 hourly,-,$1.8888 hourly,$10.4470 hourly,-,2026-09-23 14:20
R8IDB 24xlarge,r8idb.24xlarge,"2,345,849.963",Memory optimized,141.0 fps,768 GiB,96 vCPUs,5700 GB (2×2850 GB NVMe SSD),100 Gigabit,$11.2546 hourly,-,$3.1129 hourly,$15.6706 hourly,-,2026-09-23 14:20
R8IDB Double Extra Large,r8idb.2xlarge,"185,945.611",Memory optimized,77.0 fps,64 GiB,8 vCPUs,474 GB NVMe SSD,Up to 26.66 Gigabit,$0.9379 hourly,-,$0.3860 hourly,$1.3059 hourly,-,2026-09-23 14:20
R8IDB 32xlarge,r8idb.32xlarge,"3,010,171.086",Memory optimized,304.0 fps,1024 GiB,128 vCPUs,7600 GB (2×3800 GB NVMe SSD),133.33 Gigabit,$15.0061 hourly,-,$4.6741 hourly,$20.8941 hourly,-,2026-09-23 14:20
R8IDB 48xlarge,r8idb.48xlarge,"4,517,381.331",Memory optimized,314.0 fps,1536 GiB,192 vCPUs,11400 GB (3×3800 GB NVMe SSD),200 Gigabit,$22.5091 hourly,-,$5.0094 hourly,$31.3411 hourly,-,2026-09-23 14:20
R8IDB Quadruple Extra Large,r8idb.4xlarge,"391,309.665",Memory optimized,145.0 fps,128 GiB,16 vCPUs,950 GB NVMe SSD,Up to 33.33 Gigabit,$1.8758 hourly,-,$0.8306 hourly,$2.6118 hourly,-,2026-09-23 14:20
R8IDB Eight Extra Large,r8idb.8xlarge,"764,605.153",Memory optimized,204.0 fps,256 GiB,32 vCPUs,1900 GB NVMe SSD,33.33 Gigabit,$3.7515 hourly,-,$1.6705 hourly,$5.2235 hourly,-,2026-09-23 14:20
R8IDB 96xlarge,r8idb.96xlarge,"9,041,676.478",Memory optimized,230.0 fps,3072 GiB,384 vCPUs,22800 GB (6×3800 GB NVMe SSD),400 Gigabit,$45.0182 hourly,-,$11.3322 hourly,$62.6822 hourly,-,2026-09-23 14:20
R8IDB Large,r8idb.large,"45,325.779",Memory optimized,20.0 fps,16 GiB,2 vCPUs,118 GB NVMe SSD,Up to 16.66 Gigabit,$0.2345 hourly,-,$0.0614 hourly,$0.3265 hourly,-,2026-09-23 14:20
R8IDB Metal-48xl,r8idb.metal-48xl,-,Memory optimized,-,1536 GiB,192 vCPUs,11400 GB (3×3800 GB NVMe SSD),200 Gigabit,$22.5091 hourly,-,$8.1969 hourly,$31.3411 hourly,-,2026-09-23 14:20
R8IDB Metal-96xl,r8idb.metal-96xl,-,Memory optimized,-,3072 GiB,384 vCPUs,22800 GB (6×3800 GB NVMe SSD),400 Gigabit,$45.0182 hourly,-,$4.9066 hourly,$62.6822 hourly,-,2026-09-23 14:20
R8IDB Extra Large,r8idb.xlarge,"90,764.693",Memory optimized,40.0 fps,32 GiB,4 vCPUs,237 GB NVMe SSD,Up to 20 Gigabit,$0.4689 hourly,-,$0.1681 hourly,$0.6529 hourly,-,2026-09-23 14:20
R8IDN 12xlarge Extra Large,r8idn.12xlarge,"1,148,691.768",Memory optimized,242.0 fps,384 GiB,48 vCPUs,2850 GB NVMe SSD,75 Gigabit,$5.6273 hourly,-,$2.1911 hourly,$7.8353 hourly,-,2026-09-23 14:20
R8IDN 16xlarge Extra Large,r8idn.16xlarge,"1,545,085.1",Memory optimized,274.0 fps,512 GiB,64 vCPUs,3800 GB NVMe SSD,100 Gigabit,$7.5030 hourly,-,$2.5068 hourly,$10.4470 hourly,-,2026-09-23 14:20
R8IDN 24xlarge,r8idn.24xlarge,"2,194,034.967",Memory optimized,278.0 fps,768 GiB,96 vCPUs,5700 GB (2×2850 GB NVMe SSD),150 Gigabit,$11.2546 hourly,-,$3.7664 hourly,$15.6706 hourly,-,2026-09-23 14:20
R8IDN Double Extra Large,r8idn.2xlarge,"190,642.625",Memory optimized,77.0 fps,64 GiB,8 vCPUs,474 GB NVMe SSD,Up to 40 Gigabit,$0.9379 hourly,-,$0.4305 hourly,$1.3059 hourly,-,2026-09-23 14:20
R8IDN 32xlarge,r8idn.32xlarge,"3,144,963.145",Memory optimized,207.0 fps,1024 GiB,128 vCPUs,7600 GB (2×3800 GB NVMe SSD),200 Gigabit,$15.0061 hourly,-,$4.2803 hourly,$20.8941 hourly,-,2026-09-23 14:20
R8IDN 48xlarge,r8idn.48xlarge,"4,316,789.388",Memory optimized,277.0 fps,1536 GiB,192 vCPUs,11400 GB (3×3800 GB NVMe SSD),300 Gigabit,$22.5091 hourly,-,$5.3302 hourly,$31.3411 hourly,-,2026-09-23 14:20
R8IDN Quadruple Extra Large,r8idn.4xlarge,"400,367.003",Memory optimized,143.0 fps,128 GiB,16 vCPUs,950 GB NVMe SSD,Up to 50 Gigabit,$1.8758 hourly,-,$0.8633 hourly,$2.6118 hourly,-,2026-09-23 14:20
R8IDN Eight Extra Large,r8idn.8xlarge,"768,922.707",Memory optimized,237.0 fps,256 GiB,32 vCPUs,1900 GB NVMe SSD,50 Gigabit,$3.7515 hourly,-,$1.5599 hourly,$5.2235 hourly,-,2026-09-23 14:20
R8IDN 96xlarge,r8idn.96xlarge,"8,432,610.486",Memory optimized,283.0 fps,3072 GiB,384 vCPUs,22800 GB (6×3800 GB NVMe SSD),600 Gigabit,$45.0182 hourly,-,$11.3962 hourly,$62.6822 hourly,-,2026-09-23 14:20
R8IDN Large,r8idn.large,"46,542.295",Memory optimized,20.0 fps,16 GiB,2 vCPUs,118 GB NVMe SSD,Up to 25 Gigabit,$0.2345 hourly,-,$0.0636 hourly,$0.3265 hourly,-,2026-09-23 14:20
R8IDN Metal-48xl,r8idn.metal-48xl,-,Memory optimized,-,1536 GiB,192 vCPUs,11400 GB (3×3800 GB NVMe SSD),300 Gigabit,$22.5091 hourly,-,$8.2502 hourly,$31.3411 hourly,-,2026-09-23 14:20
R8IDN Metal-96xl,r8idn.metal-96xl,-,Memory optimized,-,3072 GiB,384 vCPUs,22800 GB (6×3800 GB NVMe SSD),600 Gigabit,$45.0182 hourly,-,$5.6175 hourly,$62.6822 hourly,-,2026-09-23 14:20
R8IDN Extra Large,r8idn.xlarge,"93,321.668",Memory optimized,40.0 fps,32 GiB,4 vCPUs,237 GB NVMe SSD,Up to 30 Gigabit,$0.4689 hourly,-,$0.1733 hourly,$0.6529 hourly,-,2026-09-23 14:20
R8IN 12xlarge Extra Large,r8in.12xlarge,"1,205,525.324",Memory optimized,205.0 fps,384 GiB,48 vCPUs,EBS only,75 Gigabit,$5.0208 hourly,-,$1.4118 hourly,$7.2288 hourly,-,2026-09-23 14:20
R8IN 16xlarge Extra Large,r8in.16xlarge,"1,583,766.394",Memory optimized,226.0 fps,512 GiB,64 vCPUs,EBS only,100 Gigabit,$6.6944 hourly,-,$1.9703 hourly,$9.6384 hourly,-,2026-09-23 14:20
R8IN 24xlarge,r8in.24xlarge,"2,200,320.88",Memory optimized,296.0 fps,768 GiB,96 vCPUs,EBS only,150 Gigabit,$10.0416 hourly,-,$2.9890 hourly,$14.4576 hourly,-,2026-09-23 14:20
R8IN Double Extra Large,r8in.2xlarge,"185,722.577",Memory optimized,74.0 fps,64 GiB,8 vCPUs,EBS only,Up to 40 Gigabit,$0.8368 hourly,-,$0.3504 hourly,$1.2048 hourly,-,2026-09-23 14:20
R8IN 32xlarge,r8in.32xlarge,"3,151,415.675",Memory optimized,237.0 fps,1024 GiB,128 vCPUs,EBS only,200 Gigabit,$13.3888 hourly,-,$4.3787 hourly,$19.2768 hourly,-,2026-09-23 14:20
R8IN 48xlarge,r8in.48xlarge,"4,257,914.287",Memory optimized,321.0 fps,1536 GiB,192 vCPUs,EBS only,300 Gigabit,$20.0832 hourly,-,$3.8268 hourly,$28.9152 hourly,-,2026-09-23 14:20
R8IN Quadruple Extra Large,r8in.4xlarge,"376,455.825",Memory optimized,139.0 fps,128 GiB,16 vCPUs,EBS only,Up to 50 Gigabit,$1.6736 hourly,-,$0.8281 hourly,$2.4096 hourly,-,2026-09-23 14:20
R8IN Eight Extra Large,r8in.8xlarge,"795,722.989",Memory optimized,230.0 fps,256 GiB,32 vCPUs,EBS only,50 Gigabit,$3.3472 hourly,-,$0.9480 hourly,$4.8192 hourly,-,2026-09-23 14:20
R8IN 96xlarge,r8in.96xlarge,"8,889,574.813",Memory optimized,317.0 fps,3072 GiB,384 vCPUs,EBS only,600 Gigabit,$40.1664 hourly,-,$10.9277 hourly,$57.8304 hourly,-,2026-09-23 14:20
R8IN Large,r8in.large,"46,818.306",Memory optimized,20.0 fps,16 GiB,2 vCPUs,EBS only,Up to 25 Gigabit,$0.2092 hourly,-,$0.0557 hourly,$0.3012 hourly,-,2026-09-23 14:20
R8IN Metal-48xl,r8in.metal-48xl,-,Memory optimized,-,1536 GiB,192 vCPUs,EBS only,300 Gigabit,$20.0832 hourly,-,$3.4247 hourly,$28.9152 hourly,-,2026-09-23 14:20
R8IN Metal-96xl,r8in.metal-96xl,"9,103,840.683",Memory optimized,246.0 fps,3072 GiB,384 vCPUs,EBS only,600 Gigabit,$40.1664 hourly,-,$4.0166 hourly,$57.8304 hourly,-,2026-09-23 14:20
R8IN Extra Large,r8in.xlarge,"97,292.038",Memory optimized,39.0 fps,32 GiB,4 vCPUs,EBS only,Up to 30 Gigabit,$0.4184 hourly,-,$0.1617 hourly,$0.6024 hourly,-,2026-09-23 14:20
R9G 12xlarge Extra Large,r9g.12xlarge,-,Memory optimized,-,384 GiB,48 vCPUs,EBS only,25 Gigabit,$3.0821 hourly,-,$0.9511 hourly,-,-,2026-09-23 14:20
R9G 16xlarge Extra Large,r9g.16xlarge,-,Memory optimized,-,512 GiB,64 vCPUs,EBS only,34 Gigabit,$4.1094 hourly,-,$1.5124 hourly,-,-,2026-09-23 14:20
R9G 24xlarge,r9g.24xlarge,-,Memory optimized,-,768 GiB,96 vCPUs,EBS only,50 Gigabit,$6.1642 hourly,-,$2.4257 hourly,-,-,2026-09-23 14:20
R9G Double Extra Large,r9g.2xlarge,-,Memory optimized,-,64 GiB,8 vCPUs,EBS only,Up to 17 Gigabit,$0.5137 hourly,-,$0.2178 hourly,-,-,2026-09-23 14:20
R9G 48xlarge,r9g.48xlarge,-,Memory optimized,-,1536 GiB,192 vCPUs,EBS only,100 Gigabit,$12.3283 hourly,-,$3.1877 hourly,-,-,2026-09-23 14:20
R9G Quadruple Extra Large,r9g.4xlarge,-,Memory optimized,-,128 GiB,16 vCPUs,EBS only,Up to 17 Gigabit,$1.0274 hourly,-,$0.4569 hourly,-,-,2026-09-23 14:20
R9G Eight Extra Large,r9g.8xlarge,-,Memory optimized,-,256 GiB,32 vCPUs,EBS only,17 Gigabit,$2.0547 hourly,-,$0.7556 hourly,-,-,2026-09-23 14:20
R9G Large,r9g.large,-,Memory optimized,-,16 GiB,2 vCPUs,EBS only,Up to 15 Gigabit,$0.1284 hourly,-,$0.0514 hourly,-,-,2026-09-23 14:20
R9G Medium,r9g.medium,-,Memory optimized,-,8 GiB,1 vCPUs,EBS only,Up to 15 Gigabit,$0.0642 hourly,-,$0.0170 hourly,-,-,2026-09-23 14:20
R9G Metal-48xl,r9g.metal-48xl,-,Memory optimized,-,1536 GiB,192 vCPUs,EBS only,100 Gigabit,$12.3283 hourly,-,$2.2457 hourly,-,-,2026-09-23 14:20
R9G Extra Large,r9g.xlarge,-,Memory optimized,-,32 GiB,4 vCPUs,EBS only,Up to 15 Gigabit,$0.2568 hourly,-,$0.1012 hourly,-,-,2026-09-23 14:20
R9GD 12xlarge Extra Large,r9gd.12xlarge,-,Memory optimized,-,384 GiB,48 vCPUs,2850 GB (3×950 GB NVMe SSD),25 Gigabit,$3.8443 hourly,-,$0.6517 hourly,-,-,2026-09-23 14:20
R9GD 16xlarge Extra Large,r9gd.16xlarge,-,Memory optimized,-,512 GiB,64 vCPUs,3800 GB NVMe SSD,34 Gigabit,$5.1258 hourly,-,$1.3485 hourly,-,-,2026-09-23 14:20
R9GD 24xlarge,r9gd.24xlarge,-,Memory optimized,-,768 GiB,96 vCPUs,5700 GB (3×1900 GB NVMe SSD),50 Gigabit,$7.6886 hourly,-,$3.1540 hourly,-,-,2026-09-23 14:20
R9GD Double Extra Large,r9gd.2xlarge,-,Memory optimized,-,64 GiB,8 vCPUs,474 GB NVMe SSD,Up to 17 Gigabit,$0.6407 hourly,-,$0.2309 hourly,-,-,2026-09-23 14:20
R9GD 48xlarge,r9gd.48xlarge,-,Memory optimized,-,1536 GiB,192 vCPUs,11400 GB (3×3800 GB NVMe SSD),100 Gigabit,$15.3773 hourly,-,$3.4800 hourly,-,-,2026-09-23 14:20
R9GD Quadruple Extra Large,r9gd.4xlarge,-,Memory optimized,-,128 GiB,16 vCPUs,950 GB NVMe SSD,Up to 17 Gigabit,$1.2814 hourly,-,$0.5153 hourly,-,-,2026-09-23 14:20
R9GD Eight Extra Large,r9gd.8xlarge,-,Memory optimized,-,256 GiB,32 vCPUs,1900 GB NVMe SSD,17 Gigabit,$2.5629 hourly,-,$0.7472 hourly,-,-,2026-09-23 14:20
R9GD Large,r9gd.large,-,Memory optimized,-,16 GiB,2 vCPUs,118 GB NVMe SSD,Up to 15 Gigabit,$0.1602 hourly,-,$0.0573 hourly,-,-,2026-09-23 14:20
R9GD Medium,r9gd.medium,-,Memory optimized,-,8 GiB,1 vCPUs,59 GB NVMe SSD,Up to 15 Gigabit,$0.0801 hourly,-,$0.0135 hourly,-,-,2026-09-23 14:20
R9GD Metal-48xl,r9gd.metal-48xl,-,Memory optimized,-,1536 GiB,192 vCPUs,11400 GB (3×3800 GB NVMe SSD),100 Gigabit,$15.3773 hourly,-,$3.3063 hourly,-,-,2026-09-23 14:20
R9GD Extra Large,r9gd.xlarge,-,Memory optimized,-,32 GiB,4 vCPUs,237 GB NVMe SSD,Up to 15 Gigabit,$0.3204 hourly,-,$0.1212 hourly,-,-,2026-09-23 14:20
T1 Micro,t1.micro,"23,453.991",Micro instances,-,0.613 GiB,1 vCPUs,EBS only,Very Low,$0.0200 hourly,$0.0140 hourly,$0.0034 hourly,$0.0200 hourly,$0.0150 hourly,2026-09-23 14:20
T2 Double Extra Large,t2.2xlarge,"165,917.732",General purpose,59.0 fps,32 GiB,8 vCPUs ( 4h 4.799999999999983m burst ),EBS only,Moderate,$0.3712 hourly,$0.2300 hourly,$0.0957 hourly,$0.4332 hourly,$0.2920 hourly,2026-09-23 14:20
T2 Large,t2.large,"44,120.891",General purpose,17.0 fps,8 GiB,2 vCPUs ( 7h 12m burst ),EBS only,Low to Moderate,$0.0928 hourly,$0.0575 hourly,$0.0263 hourly,$0.1208 hourly,$0.0855 hourly,2026-09-23 14:20
T2 Medium,t2.medium,"41,050.903",General purpose,-,4 GiB,2 vCPUs ( 4h 48m burst ),EBS only,Low to Moderate,$0.0464 hourly,$0.0287 hourly,$0.0155 hourly,$0.0644 hourly,$0.0467 hourly,2026-09-23 14:20
T2 Micro,t2.micro,"22,258.495",General purpose,-,1 GiB,1 vCPUs ( 2h 24m burst ),EBS only,Low to Moderate,$0.0116 hourly,$0.0072 hourly,$0.0032 hourly,$0.0162 hourly,$0.0118 hourly,2026-09-23 14:20
T2 Nano,t2.nano,"20,638.415",General purpose,-,0.5 GiB,1 vCPUs ( 1h 12m burst ),EBS only,Low to Moderate,$0.0058 hourly,$0.0036 hourly,-,$0.0081 hourly,$0.0059 hourly,2026-09-23 14:20
T2 Small,t2.small,"22,166.396",General purpose,-,2 GiB,1 vCPUs ( 4h 48m burst ),EBS only,Low to Moderate,$0.0230 hourly,$0.0144 hourly,$0.0065 hourly,$0.0320 hourly,$0.0236 hourly,2026-09-23 14:20
T2 Extra Large,t2.xlarge,"74,985.94",General purpose,28.0 fps,16 GiB,4 vCPUs ( 5h 24m burst ),EBS only,Moderate,$0.1856 hourly,$0.1150 hourly,$0.0526 hourly,$0.2266 hourly,$0.1560 hourly,2026-09-23 14:20
T3 Double Extra Large,t3.2xlarge,"113,426.911",General purpose,45.0 fps,32 GiB,8 vCPUs ( 9h 36m burst ),EBS only,Up to 5 Gigabit,$0.3328 hourly,$0.2086 hourly,$0.0864 hourly,$0.4800 hourly,$0.3558 hourly,2026-09-23 14:20
T3 Large,t3.large,"27,292.576",General purpose,9.9 fps,8 GiB,2 vCPUs ( 7h 12m burst ),EBS only,Up to 5 Gigabit,$0.0832 hourly,$0.0522 hourly,$0.0281 hourly,$0.1108 hourly,$0.0798 hourly,2026-09-23 14:20
T3 Medium,t3.medium,"29,163.021",General purpose,-,4 GiB,2 vCPUs ( 4h 48m burst ),EBS only,Up to 5 Gigabit,$0.0416 hourly,$0.0261 hourly,$0.0161 hourly,$0.0600 hourly,$0.0445 hourly,2026-09-23 14:20
T3 Micro,t3.micro,"29,069.767",General purpose,-,1 GiB,2 vCPUs ( 2h 24m burst ),EBS only,Up to 5 Gigabit,$0.0104 hourly,$0.0065 hourly,$0.0028 hourly,$0.0196 hourly,$0.0157 hourly,2026-09-23 14:20
T3 Nano,t3.nano,"28,750.779",General purpose,-,0.5 GiB,2 vCPUs ( 1h 12m burst ),EBS only,Up to 5 Gigabit,$0.0052 hourly,$0.0033 hourly,$0.0006 hourly,$0.0098 hourly,$0.0079 hourly,2026-09-23 14:20
T3 Small,t3.small,"28,124.121",General purpose,-,2 GiB,2 vCPUs ( 4h 48m burst ),EBS only,Up to 5 Gigabit,$0.0208 hourly,$0.0130 hourly,$0.0058 hourly,$0.0392 hourly,$0.0314 hourly,2026-09-23 14:20
T3 Extra Large,t3.xlarge,"53,932.584",General purpose,21.0 fps,16 GiB,4 vCPUs ( 9h 36m burst ),EBS only,Up to 5 Gigabit,$0.1664 hourly,$0.1043 hourly,$0.0456 hourly,$0.2400 hourly,$0.1779 hourly,2026-09-23 14:20
T3A Double Extra Large,t3a.2xlarge,"104,760.034",General purpose,36.0 fps,32 GiB,8 vCPUs ( 9h 36m burst ),EBS only,Up to 5 Gigabit,$0.3008 hourly,$0.1886 hourly,$0.0816 hourly,$0.4480 hourly,$0.3358 hourly,2026-09-23 14:20
T3A Large,t3a.large,"25,985.838",General purpose,9.7 fps,8 GiB,2 vCPUs ( 7h 12m burst ),EBS only,Up to 5 Gigabit,$0.0752 hourly,$0.0471 hourly,$0.0276 hourly,$0.1028 hourly,$0.0747 hourly,2026-09-23 14:20
T3A Medium,t3a.medium,"25,849.813",General purpose,-,4 GiB,2 vCPUs ( 4h 48m burst ),EBS only,Up to 5 Gigabit,$0.0376 hourly,$0.0236 hourly,$0.0144 hourly,$0.0560 hourly,$0.0420 hourly,2026-09-23 14:20
T3A Micro,t3a.micro,"25,160.398",General purpose,-,1 GiB,2 vCPUs ( 2h 24m burst ),EBS only,Up to 5 Gigabit,$0.0094 hourly,$0.0059 hourly,$0.0034 hourly,$0.0186 hourly,$0.0151 hourly,2026-09-23 14:20
T3A Nano,t3a.nano,"25,859.84",General purpose,-,0.5 GiB,2 vCPUs ( 1h 12m burst ),EBS only,Up to 5 Gigabit,$0.0047 hourly,$0.0029 hourly,$0.0006 hourly,$0.0093 hourly,$0.0075 hourly,2026-09-23 14:20
T3A Small,t3a.small,"26,578.073",General purpose,-,2 GiB,2 vCPUs ( 4h 48m burst ),EBS only,Up to 5 Gigabit,$0.0188 hourly,$0.0118 hourly,$0.0062 hourly,$0.0372 hourly,$0.0302 hourly,2026-09-23 14:20
T3A Extra Large,t3a.xlarge,"51,981.806",General purpose,19.0 fps,16 GiB,4 vCPUs ( 9h 36m burst ),EBS only,Up to 5 Gigabit,$0.1504 hourly,$0.0943 hourly,$0.0508 hourly,$0.2240 hourly,$0.1679 hourly,2026-09-23 14:20
T4G Double Extra Large,t4g.2xlarge,"149,068.323",General purpose,49.0 fps,32 GiB,8 vCPUs ( 9h 36m burst ),EBS only,Up to 5 Gigabit,$0.2688 hourly,$0.1686 hourly,$0.0799 hourly,-,-,2026-09-23 14:20
T4G Large,t4g.large,"39,596.12",General purpose,12.0 fps,8 GiB,2 vCPUs ( 7h 12m burst ),EBS only,Up to 5 Gigabit,$0.0672 hourly,$0.0421 hourly,$0.0225 hourly,-,-,2026-09-23 14:20
T4G Medium,t4g.medium,"39,179.835",General purpose,-,4 GiB,2 vCPUs ( 4h 48m burst ),EBS only,Up to 5 Gigabit,$0.0336 hourly,$0.0211 hourly,$0.0141 hourly,-,-,2026-09-23 14:20
T4G Micro,t4g.micro,"38,902.937",General purpose,-,1 GiB,2 vCPUs ( 2h 24m burst ),EBS only,Up to 5 Gigabit,$0.0084 hourly,$0.0053 hourly,$0.0028 hourly,-,-,2026-09-23 14:20
T4G Nano,t4g.nano,"38,488.678",General purpose,-,0.5 GiB,2 vCPUs ( 1h 12m burst ),EBS only,Up to 5 Gigabit,$0.0042 hourly,$0.0026 hourly,$0.0015 hourly,-,-,2026-09-23 14:20
T4G Small,t4g.small,"37,874.006",General purpose,-,2 GiB,2 vCPUs ( 4h 48m burst ),EBS only,Up to 5 Gigabit,$0.0168 hourly,$0.0105 hourly,$0.0054 hourly,-,-,2026-09-23 14:20
T4G Extra Large,t4g.xlarge,"77,489.345",General purpose,25.0 fps,16 GiB,4 vCPUs ( 9h 36m burst ),EBS only,Up to 5 Gigabit,$0.1344 hourly,$0.0843 hourly,$0.0557 hourly,-,-,2026-09-23 14:20
T8I Medium,t8i.medium,-,General purpose,-,4 GiB,2 vCPUs ( 4h 48m burst ),EBS only,Up to 6.25 Gigabit,$0.0499 hourly,-,$0.0185 hourly,$0.0720 hourly,-,2026-09-23 14:20
T8I Micro,t8i.micro,-,General purpose,-,1 GiB,2 vCPUs ( 2h 24m burst ),EBS only,Up to 6.25 Gigabit,$0.0125 hourly,-,$0.0038 hourly,$0.0235 hourly,-,2026-09-23 14:20
T8I Nano,t8i.nano,-,General purpose,-,0.5 GiB,2 vCPUs ( 1h 12m burst ),EBS only,Up to 6.25 Gigabit,$0.0062 hourly,-,$0.0020 hourly,$0.0118 hourly,-,2026-09-23 14:20
T8I Small,t8i.small,-,General purpose,-,2 GiB,2 vCPUs ( 4h 48m burst ),EBS only,Up to 6.25 Gigabit,$0.0250 hourly,-,$0.0090 hourly,$0.0470 hourly,-,2026-09-23 14:20
TRN1 Double Extra Large,trn1.2xlarge,"143,697.517",Machine Learning ASIC Instances,56.0 fps,32 GiB,8 vCPUs,474 GB NVMe SSD,Up to 12.5 Gigabit,$1.3438 hourly,$0.8268 hourly,$0.2915 hourly,-,-,2026-09-23 14:20
TRN1 32xlarge,trn1.32xlarge,"2,177,889.319",Machine Learning ASIC Instances,221.0 fps,512 GiB,128 vCPUs,7600 GB (4×1900 GB NVMe SSD),8x 100 Gigabit,$21.5000 hourly,$13.2290 hourly,$3.9323 hourly,-,-,2026-09-23 14:20
TRN1N 32xlarge,trn1n.32xlarge,"2,151,170.119",Machine Learning ASIC Instances,222.0 fps,512 GiB,128 vCPUs,7600 GB (4×1900 GB NVMe SSD),16x 100 Gigabit,$24.7800 hourly,$15.2471 hourly,$6.3227 hourly,-,-,2026-09-23 14:20
U-12TB1 112xlarge,u-12tb1.112xlarge,-,Memory optimized,-,12288 GiB,448 vCPUs,EBS only,100 Gigabit,$109.2000 hourly,-,-,$129.8080 hourly,-,2026-09-23 14:20
U-12TB1 Metal,u-12tb1.metal,-,Memory optimized,-,12288 GiB,448 vCPUs,EBS only,100 Gigabit,-,-,-,$20.6080 hourly,-,2026-09-23 14:20
U-18TB1 112xlarge,u-18tb1.112xlarge,-,Memory optimized,-,18432 GiB,448 vCPUs,EBS only,100 Gigabit,$163.8000 hourly,-,-,$184.4080 hourly,-,2026-09-23 14:20
U-18TB1 Metal,u-18tb1.metal,-,Memory optimized,-,18432 GiB,448 vCPUs,EBS only,100 Gigabit,-,-,-,$20.6080 hourly,-,2026-09-23 14:20
U-24TB1 112xlarge,u-24tb1.112xlarge,-,Memory optimized,-,24576 GiB,448 vCPUs,EBS only,100 Gigabit,$218.4000 hourly,-,-,$239.0080 hourly,-,2026-09-23 14:20
U-24TB1 Metal,u-24tb1.metal,-,Memory optimized,-,24576 GiB,448 vCPUs,EBS only,100 Gigabit,-,-,-,$20.6080 hourly,-,2026-09-23 14:20
U-3TB1 56xlarge,u-3tb1.56xlarge,"2,906,920.157",Memory optimized,162.0 fps,3072 GiB,224 vCPUs,EBS only,50 Gigabit,$27.3000 hourly,$16.8235 hourly,-,$37.6040 hourly,$27.1275 hourly,2026-09-23 14:20
U-6TB1 112xlarge,u-6tb1.112xlarge,"5,678,613.303",Memory optimized,114.0 fps,6144 GiB,448 vCPUs,EBS only,100 Gigabit,$54.6000 hourly,$33.6470 hourly,-,$75.2080 hourly,$54.2550 hourly,2026-09-23 14:20
U-6TB1 56xlarge,u-6tb1.56xlarge,"4,544,071.407",Memory optimized,170.0 fps,6144 GiB,224 vCPUs,EBS only,100 Gigabit,$46.4039 hourly,$28.5962 hourly,-,$56.7079 hourly,$38.9002 hourly,2026-09-23 14:20
U-6TB1 Metal,u-6tb1.metal,-,Memory optimized,-,6144 GiB,448 vCPUs,EBS only,100 Gigabit,-,-,-,$20.6080 hourly,-,2026-09-23 14:20
U-9TB1 112xlarge,u-9tb1.112xlarge,-,Memory optimized,-,9216 GiB,448 vCPUs,EBS only,100 Gigabit,$81.9000 hourly,-,-,$102.5080 hourly,-,2026-09-23 14:20
U-9TB1 Metal,u-9tb1.metal,-,Memory optimized,-,9216 GiB,448 vCPUs,EBS only,100 Gigabit,-,-,-,$20.6080 hourly,-,2026-09-23 14:20
U7I-12TB 224xlarge,u7i-12tb.224xlarge,-,Memory optimized,-,12288 GiB,896 vCPUs,EBS only,100 Gigabit,$125.5818 hourly,$77.4024 hourly,-,$166.7978 hourly,$118.6184 hourly,2026-09-23 14:20
U7I-6TB 112xlarge,u7i-6tb.112xlarge,"8,291,178.285",Memory optimized,242.0 fps,6144 GiB,448 vCPUs,EBS only,100 Gigabit,$62.7900 hourly,-,-,$83.3980 hourly,-,2026-09-23 14:20
U7I-8TB 112xlarge,u7i-8tb.112xlarge,"8,540,382.538",Memory optimized,249.0 fps,8192 GiB,448 vCPUs,EBS only,100 Gigabit,$83.7200 hourly,-,-,$104.3280 hourly,-,2026-09-23 14:20
U7IN-16TB 224xlarge,u7in-16tb.224xlarge,-,Memory optimized,-,16384 GiB,896 vCPUs,EBS only,200 Gigabit,$180.4756 hourly,$111.2172 hourly,-,$221.6916 hourly,$152.4332 hourly,2026-09-23 14:20
U7IN-24TB 224xlarge,u7in-24tb.224xlarge,-,Memory optimized,-,24576 GiB,896 vCPUs,EBS only,200 Gigabit,$270.7313 hourly,$166.8368 hourly,-,$311.9473 hourly,$208.0528 hourly,2026-09-23 14:20
U7IN-32TB 224xlarge,u7in-32tb.224xlarge,-,Memory optimized,-,32768 GiB,896 vCPUs,EBS only,200 Gigabit,$360.9870 hourly,$222.4564 hourly,-,$402.2030 hourly,$263.6724 hourly,2026-09-23 14:20
VT1 24xlarge,vt1.24xlarge,"1,069,796.813",Media Accelerator Instances,175.0 fps,192 GiB,96 vCPUs,EBS only,25 Gigabit,$5.2000 hourly,$3.2760 hourly,$5.2000 hourly,-,-,2026-09-23 14:20
VT1 3xlarge,vt1.3xlarge,"171,551.108",Media Accelerator Instances,58.0 fps,24 GiB,12 vCPUs,EBS only,3.12 Gigabit,$0.6500 hourly,$0.4095 hourly,$0.2823 hourly,-,-,2026-09-23 14:20
VT1 6xlarge,vt1.6xlarge,"311,850.312",Media Accelerator Instances,107.0 fps,48 GiB,24 vCPUs,EBS only,6.25 Gigabit,$1.3000 hourly,$0.8190 hourly,$0.5407 hourly,-,-,2026-09-23 14:20
X1 Extra High-Memory 16xlarge Extra Large,x1.16xlarge,"1,144,389.808",Memory optimized,213.0 fps,976 GiB,64 vCPUs,1920 GB SSD,10 Gigabit,$6.6690 hourly,$4.1100 hourly,$1.7081 hourly,$9.6130 hourly,$7.0540 hourly,2026-09-23 14:20
X1 Extra High-Memory 32xlarge,x1.32xlarge,"2,194,787.38",Memory optimized,230.0 fps,1952 GiB,128 vCPUs,3840 GB (2×1920 GB SSD),25 Gigabit,$13.3380 hourly,$8.2190 hourly,$3.1617 hourly,$19.2260 hourly,$14.1070 hourly,2026-09-23 14:20
X1E 16xlarge Extra Large,x1e.16xlarge,"1,105,974.856",Memory optimized,212.0 fps,1952 GiB,64 vCPUs,1920 GB SSD,10 Gigabit,$13.3440 hourly,$8.2230 hourly,$3.0750 hourly,$16.2880 hourly,$11.1670 hourly,2026-09-23 14:20
X1E Double Extra Large,x1e.2xlarge,"104,899.69",Memory optimized,32.0 fps,244 GiB,8 vCPUs,240 GB SSD,Up to 10 Gigabit,$1.6680 hourly,$1.0280 hourly,$0.3376 hourly,$2.0360 hourly,$1.3960 hourly,2026-09-23 14:20
X1E 32xlarge,x1e.32xlarge,"2,226,377.354",Memory optimized,247.0 fps,3904 GiB,128 vCPUs,3840 GB (2×1920 GB SSD),25 Gigabit,$26.6880 hourly,$16.4460 hourly,$4.4114 hourly,$32.5760 hourly,$22.3340 hourly,2026-09-23 14:20
X1E Quadruple Extra Large,x1e.4xlarge,"276,948.375",Memory optimized,102.0 fps,488 GiB,16 vCPUs,480 GB SSD,Up to 10 Gigabit,$3.3360 hourly,$2.0560 hourly,$0.4620 hourly,$4.0720 hourly,$2.7920 hourly,2026-09-23 14:20
X1E Eight Extra Large,x1e.8xlarge,"565,745.856",Memory optimized,172.0 fps,976 GiB,32 vCPUs,960 GB SSD,Up to 10 Gigabit,$6.6720 hourly,$4.1120 hourly,$1.4886 hourly,$8.1440 hourly,$5.5840 hourly,2026-09-23 14:20
X1E Extra Large,x1e.xlarge,"61,299.55",Memory optimized,24.0 fps,122 GiB,4 vCPUs,120 GB SSD,Up to 10 Gigabit,$0.8340 hourly,$0.5140 hourly,$0.1751 hourly,$1.0180 hourly,$0.6980 hourly,2026-09-23 14:20
X2GD 12xlarge Extra Large,x2gd.12xlarge,"952,695.997",Memory optimized,172.0 fps,768 GiB,48 vCPUs,2850 GB (2×1425 GB NVMe SSD),20 Gigabit,$4.0080 hourly,$2.4699 hourly,$1.1996 hourly,-,-,2026-09-23 14:20
X2GD 16xlarge Extra Large,x2gd.16xlarge,"1,269,505.422",Memory optimized,174.0 fps,1024 GiB,64 vCPUs,3800 GB (2×1900 GB NVMe SSD),25 Gigabit,$5.3440 hourly,$3.2932 hourly,$2.0424 hourly,-,-,2026-09-23 14:20
X2GD Double Extra Large,x2gd.2xlarge,"158,436.757",Memory optimized,50.0 fps,128 GiB,8 vCPUs,475 GB NVMe SSD,Up to 10 Gigabit,$0.6680 hourly,$0.4117 hourly,$0.1694 hourly,-,-,2026-09-23 14:20
X2GD Quadruple Extra Large,x2gd.4xlarge,"317,523.318",Memory optimized,93.0 fps,256 GiB,16 vCPUs,950 GB NVMe SSD,Up to 10 Gigabit,$1.3360 hourly,$0.8233 hourly,$0.1851 hourly,-,-,2026-09-23 14:20
X2GD Eight Extra Large,x2gd.8xlarge,"646,725.95",Memory optimized,149.0 fps,512 GiB,32 vCPUs,1900 GB NVMe SSD,12 Gigabit,$2.6720 hourly,$1.6466 hourly,$0.7214 hourly,-,-,2026-09-23 14:20
X2GD Large,x2gd.large,"40,461.258",Memory optimized,13.0 fps,32 GiB,2 vCPUs,118 GB NVMe SSD,Up to 10 Gigabit,$0.1670 hourly,$0.1029 hourly,$0.0498 hourly,-,-,2026-09-23 14:20
X2GD Medium,x2gd.medium,"19,681.165",Memory optimized,6.9 fps,16 GiB,1 vCPUs,59 GB NVMe SSD,Up to 10 Gigabit,$0.0835 hourly,$0.0515 hourly,$0.0177 hourly,-,-,2026-09-23 14:20
X2GD Metal,x2gd.metal,"1,264,822.134",Memory optimized,178.0 fps,1024 GiB,64 vCPUs,3800 GB (2×1900 GB NVMe SSD),25 Gigabit,$5.3440 hourly,$3.2932 hourly,$2.0318 hourly,-,-,2026-09-23 14:20
X2GD Extra Large,x2gd.xlarge,"78,390.384",Memory optimized,25.0 fps,64 GiB,4 vCPUs,237 GB NVMe SSD,Up to 10 Gigabit,$0.3340 hourly,$0.2058 hourly,$0.0941 hourly,-,-,2026-09-23 14:20
X2IDN 16xlarge Extra Large,x2idn.16xlarge,"1,098,335.336",Memory optimized,185.0 fps,1024 GiB,64 vCPUs,1900 GB NVMe SSD,50 Gigabit,$6.6690 hourly,$4.1034 hourly,$1.9981 hourly,$9.6130 hourly,$7.0474 hourly,2026-09-23 14:20
X2IDN 24xlarge,x2idn.24xlarge,"1,668,912.165",Memory optimized,243.0 fps,1536 GiB,96 vCPUs,2850 GB (2×1425 GB NVMe SSD),75 Gigabit,$10.0035 hourly,$6.1552 hourly,$2.8043 hourly,$14.4195 hourly,$10.5712 hourly,2026-09-23 14:20
X2IDN 32xlarge,x2idn.32xlarge,"2,132,000.833",Memory optimized,216.0 fps,2048 GiB,128 vCPUs,3800 GB (2×1900 GB NVMe SSD),100 Gigabit,$13.3380 hourly,$8.2069 hourly,$5.3979 hourly,$19.2260 hourly,$14.0949 hourly,2026-09-23 14:20
X2IDN Metal,x2idn.metal,"2,279,405.218",Memory optimized,264.0 fps,2048 GiB,128 vCPUs,3800 GB (2×1900 GB NVMe SSD),100 Gigabit,$13.3380 hourly,$8.2069 hourly,$4.4938 hourly,$19.2260 hourly,$14.0949 hourly,2026-09-23 14:20
X2IEDN 16xlarge Extra Large,x2iedn.16xlarge,"1,082,910.321",Memory optimized,184.0 fps,2048 GiB,64 vCPUs,1900 GB NVMe SSD,50 Gigabit,$13.3380 hourly,$8.2069 hourly,$3.7838 hourly,$16.2820 hourly,$11.1509 hourly,2026-09-23 14:20
X2IEDN 24xlarge,x2iedn.24xlarge,"1,637,107.776",Memory optimized,238.0 fps,3072 GiB,96 vCPUs,2850 GB (2×1425 GB NVMe SSD),75 Gigabit,$20.0070 hourly,$12.3103 hourly,$4.7669 hourly,$24.4230 hourly,$16.7263 hourly,2026-09-23 14:20
X2IEDN Double Extra Large,x2iedn.2xlarge,"137,628.489",Memory optimized,56.0 fps,256 GiB,8 vCPUs,237 GB NVMe SSD,Up to 25 Gigabit,$1.6673 hourly,$1.0259 hourly,$0.3755 hourly,$2.0353 hourly,$1.3939 hourly,2026-09-23 14:20
X2IEDN 32xlarge,x2iedn.32xlarge,"2,111,949.841",Memory optimized,217.0 fps,4096 GiB,128 vCPUs,3800 GB (2×1900 GB NVMe SSD),100 Gigabit,$26.6760 hourly,$16.4137 hourly,$5.9287 hourly,$32.5640 hourly,$22.3017 hourly,2026-09-23 14:20
X2IEDN Quadruple Extra Large,x2iedn.4xlarge,"270,704.678",Memory optimized,105.0 fps,512 GiB,16 vCPUs,475 GB NVMe SSD,Up to 25 Gigabit,$3.3345 hourly,$2.0517 hourly,$0.5306 hourly,$4.0705 hourly,$2.7877 hourly,2026-09-23 14:20
X2IEDN Eight Extra Large,x2iedn.8xlarge,"555,603.785",Memory optimized,182.0 fps,1024 GiB,32 vCPUs,950 GB NVMe SSD,25 Gigabit,$6.6690 hourly,$4.1034 hourly,$2.0181 hourly,$8.1410 hourly,$5.5754 hourly,2026-09-23 14:20
X2IEDN Metal,x2iedn.metal,"2,256,600.115",Memory optimized,267.0 fps,4096 GiB,128 vCPUs,3800 GB (2×1900 GB NVMe SSD),100 Gigabit,$26.6760 hourly,$16.4137 hourly,$5.1592 hourly,$32.5640 hourly,$22.3017 hourly,2026-09-23 14:20
X2IEDN Extra Large,x2iedn.xlarge,"67,218.418",Memory optimized,28.0 fps,128 GiB,4 vCPUs,118 GB NVMe SSD,Up to 25 Gigabit,$0.8336 hourly,$0.5129 hourly,$0.2308 hourly,$1.0176 hourly,$0.6969 hourly,2026-09-23 14:20
X2IEZN 12xlarge Extra Large,x2iezn.12xlarge,"1,000,208.377",Memory optimized,199.0 fps,1536 GiB,48 vCPUs,EBS only,100 Gigabit,$10.0080 hourly,$6.1614 hourly,$2.5617 hourly,$12.2160 hourly,$8.3694 hourly,2026-09-23 14:20
X2IEZN Double Extra Large,x2iezn.2xlarge,"164,220.466",Memory optimized,53.0 fps,256 GiB,8 vCPUs,EBS only,Up to 25 Gigabit,$1.6680 hourly,$1.0269 hourly,$0.3068 hourly,$2.0360 hourly,$1.3949 hourly,2026-09-23 14:20
X2IEZN Quadruple Extra Large,x2iezn.4xlarge,"319,696.289",Memory optimized,102.0 fps,512 GiB,16 vCPUs,EBS only,Up to 25 Gigabit,$3.3360 hourly,$2.0538 hourly,$0.6734 hourly,$4.0720 hourly,$2.7898 hourly,2026-09-23 14:20
X2IEZN 6xlarge,x2iezn.6xlarge,"533,214.841",Memory optimized,143.0 fps,768 GiB,24 vCPUs,EBS only,50 Gigabit,$5.0040 hourly,$3.0807 hourly,$1.0538 hourly,$6.1080 hourly,$4.1847 hourly,2026-09-23 14:20
X2IEZN Eight Extra Large,x2iezn.8xlarge,"646,725.95",Memory optimized,168.0 fps,1024 GiB,32 vCPUs,EBS only,75 Gigabit,$6.6720 hourly,$4.1076 hourly,$2.0168 hourly,$8.1440 hourly,$5.5796 hourly,2026-09-23 14:20
X2IEZN Metal,x2iezn.metal,"978,343.949",Memory optimized,198.0 fps,1536 GiB,48 vCPUs,EBS only,100 Gigabit,$10.0080 hourly,$6.1614 hourly,$1.5879 hourly,$12.2160 hourly,$8.3694 hourly,2026-09-23 14:20
X8G 12xlarge Extra Large,x8g.12xlarge,"1,502,464.982",Memory optimized,291.0 fps,768 GiB,48 vCPUs,EBS only,22.5 Gigabit,$4.6896 hourly,$2.8899 hourly,$1.5511 hourly,-,-,2026-09-23 14:20
X8G 16xlarge Extra Large,x8g.16xlarge,"1,802,436.105",Memory optimized,293.0 fps,1024 GiB,64 vCPUs,EBS only,30 Gigabit,$6.2528 hourly,$3.8533 hourly,$2.2948 hourly,-,-,2026-09-23 14:20
X8G 24xlarge,x8g.24xlarge,"2,895,272.563",Memory optimized,296.0 fps,1536 GiB,96 vCPUs,EBS only,40 Gigabit,$9.3792 hourly,$5.7799 hourly,$2.6272 hourly,-,-,2026-09-23 14:20
X8G Double Extra Large,x8g.2xlarge,"247,104.247",Memory optimized,88.0 fps,128 GiB,8 vCPUs,EBS only,Up to 15 Gigabit,$0.7816 hourly,$0.4817 hourly,$0.2950 hourly,-,-,2026-09-23 14:20
X8G 48xlarge,x8g.48xlarge,-,Memory optimized,-,3072 GiB,192 vCPUs,EBS only,50 Gigabit,$18.7584 hourly,$11.5598 hourly,$4.6168 hourly,-,-,2026-09-23 14:20
X8G Quadruple Extra Large,x8g.4xlarge,"479,113.64",Memory optimized,157.0 fps,256 GiB,16 vCPUs,EBS only,Up to 15 Gigabit,$1.5632 hourly,$0.9633 hourly,$0.5240 hourly,-,-,2026-09-23 14:20
X8G Eight Extra Large,x8g.8xlarge,"932,468.857",Memory optimized,252.0 fps,512 GiB,32 vCPUs,EBS only,15 Gigabit,$3.1264 hourly,$1.9266 hourly,$0.9982 hourly,-,-,2026-09-23 14:20
X8G Large,x8g.large,"59,997",Memory optimized,22.0 fps,32 GiB,2 vCPUs,EBS only,Up to 12.5 Gigabit,$0.1954 hourly,$0.1204 hourly,$0.0609 hourly,-,-,2026-09-23 14:20
X8G Medium,x8g.medium,"31,036.623",Memory optimized,12.0 fps,16 GiB,1 vCPUs,EBS only,Up to 12.5 Gigabit,$0.0977 hourly,$0.0602 hourly,$0.0234 hourly,-,-,2026-09-23 14:20
X8G Metal-24xl,x8g.metal-24xl,"2,889,825.406",Memory optimized,298.0 fps,1536 GiB,96 vCPUs,EBS only,40 Gigabit,$9.3792 hourly,$5.7799 hourly,$1.6457 hourly,-,-,2026-09-23 14:20
X8G Metal-48xl,x8g.metal-48xl,-,Memory optimized,-,3072 GiB,192 vCPUs,EBS only,50 Gigabit,$18.7584 hourly,$11.5598 hourly,$4.4437 hourly,-,-,2026-09-23 14:20
X8G Extra Large,x8g.xlarge,"121,747.07",Memory optimized,45.0 fps,64 GiB,4 vCPUs,EBS only,Up to 12.5 Gigabit,$0.3908 hourly,$0.2408 hourly,$0.1679 hourly,-,-,2026-09-23 14:20
X8I 12xlarge Extra Large,x8i.12xlarge,"1,197,604.79",Memory optimized,261.0 fps,768 GiB,48 vCPUs,EBS only,22.5 Gigabit,$5.2519 hourly,-,$1.3928 hourly,$7.4599 hourly,-,2026-09-23 14:20
X8I 16xlarge Extra Large,x8i.16xlarge,"1,603,206.413",Memory optimized,260.0 fps,1024 GiB,64 vCPUs,EBS only,30 Gigabit,$7.0026 hourly,-,$1.8817 hourly,$9.9466 hourly,-,2026-09-23 14:20
X8I 24xlarge,x8i.24xlarge,"2,202,466.303",Memory optimized,294.0 fps,1536 GiB,96 vCPUs,EBS only,40 Gigabit,$10.5038 hourly,-,$2.1861 hourly,$14.9198 hourly,-,2026-09-23 14:20
X8I Double Extra Large,x8i.2xlarge,"191,632.066",Memory optimized,77.0 fps,128 GiB,8 vCPUs,EBS only,Up to 15 Gigabit,$0.8753 hourly,-,$0.1926 hourly,$1.2433 hourly,-,2026-09-23 14:20
X8I 32xlarge,x8i.32xlarge,"3,045,262.594",Memory optimized,183.0 fps,2048 GiB,128 vCPUs,EBS only,50 Gigabit,$14.0051 hourly,-,$3.6783 hourly,$19.8931 hourly,-,2026-09-23 14:20
X8I 48xlarge,x8i.48xlarge,-,Memory optimized,-,3072 GiB,192 vCPUs,EBS only,75 Gigabit,$21.0077 hourly,-,$4.1791 hourly,$29.8397 hourly,-,2026-09-23 14:20
X8I Quadruple Extra Large,x8i.4xlarge,"384,630.795",Memory optimized,144.0 fps,256 GiB,16 vCPUs,EBS only,Up to 15 Gigabit,$1.7506 hourly,-,$0.3505 hourly,$2.4866 hourly,-,2026-09-23 14:20
X8I 64xlarge,x8i.64xlarge,-,Memory optimized,-,4096 GiB,256 vCPUs,EBS only,80 Gigabit,$28.0102 hourly,-,$5.4806 hourly,$39.7862 hourly,-,2026-09-23 14:20
X8I Eight Extra Large,x8i.8xlarge,"761,451.517",Memory optimized,244.0 fps,512 GiB,32 vCPUs,EBS only,15 Gigabit,$3.5013 hourly,-,$1.0208 hourly,$4.9733 hourly,-,2026-09-23 14:20
X8I 96xlarge,x8i.96xlarge,-,Memory optimized,-,6144 GiB,384 vCPUs,EBS only,100 Gigabit,$48.7444 hourly,-,$4.8744 hourly,$66.4084 hourly,-,2026-09-23 14:20
X8I Large,x8i.large,"48,003.84",Memory optimized,19.0 fps,32 GiB,2 vCPUs,EBS only,Up to 12.5 Gigabit,$0.2188 hourly,-,$0.0579 hourly,$0.3108 hourly,-,2026-09-23 14:20
X8I Metal-48xl,x8i.metal-48xl,-,Memory optimized,-,3072 GiB,192 vCPUs,EBS only,75 Gigabit,$21.0077 hourly,-,$8.3472 hourly,$29.8397 hourly,-,2026-09-23 14:20
X8I Metal-96xl,x8i.metal-96xl,-,Memory optimized,-,6144 GiB,384 vCPUs,EBS only,100 Gigabit,$48.7444 hourly,-,$10.5044 hourly,$66.4084 hourly,-,2026-09-23 14:20
X8I Extra Large,x8i.xlarge,"98,051.232",Memory optimized,40.0 fps,64 GiB,4 vCPUs,EBS only,Up to 12.5 Gigabit,$0.4377 hourly,-,$0.1340 hourly,$0.6217 hourly,-,2026-09-23 14:20
Z1D 12xlarge Extra Large,z1d.12xlarge,"902,340.446",Memory optimized,192.0 fps,384 GiB,48 vCPUs,1800 GB (2×900 GB NVMe SSD),25 Gigabit,$4.4640 hourly,$2.8120 hourly,$1.4202 hourly,$6.6720 hourly,$5.0200 hourly,2026-09-23 14:20
Z1D Double Extra Large,z1d.2xlarge,"147,126.437",Memory optimized,51.0 fps,64 GiB,8 vCPUs,300 GB NVMe SSD,Up to 10 Gigabit,$0.7440 hourly,$0.4690 hourly,$0.2348 hourly,$1.1120 hourly,$0.8370 hourly,2026-09-23 14:20
Z1D 3xlarge,z1d.3xlarge,"222,088.558",Memory optimized,75.0 fps,96 GiB,12 vCPUs,450 GB NVMe SSD,Up to 10 Gigabit,$1.1160 hourly,$0.7030 hourly,$0.2897 hourly,$1.6680 hourly,$1.2550 hourly,2026-09-23 14:20
Z1D 6xlarge,z1d.6xlarge,"435,492.651",Memory optimized,139.0 fps,192 GiB,24 vCPUs,900 GB NVMe SSD,12 Gigabit,$2.2320 hourly,$1.4060 hourly,$0.6474 hourly,$3.3360 hourly,$2.5100 hourly,2026-09-23 14:20
Z1D Large,z1d.large,"36,310.821",Memory optimized,13.0 fps,16 GiB,2 vCPUs,75 GB NVMe SSD,Up to 10 Gigabit,$0.1860 hourly,$0.1170 hourly,$0.0432 hourly,$0.2780 hourly,$0.2090 hourly,2026-09-23 14:20
Z1D Metal,z1d.metal,"962,213.09",Memory optimized,187.0 fps,384 GiB,48 vCPUs,1800 GB (2×900 GB NVMe SSD),25 Gigabit,$4.4640 hourly,$2.8120 hourly,$0.9930 hourly,$6.6720 hourly,$5.0200 hourly,2026-09-23 14:20
Z1D Extra Large,z1d.xlarge,"72,549.197",Memory optimized,26.0 fps,32 GiB,4 vCPUs,150 GB NVMe SSD,Up to 10 Gigabit,$0.3720 hourly,$0.2340 hourly,$0.1042 hourly,$0.5560 hourly,$0.4180 hourly,2026-09-23 14:20
